peak_id	carbon_shift	proton_shift	best_assignment	alternatives	overlap_degree
P1	20.402	0.986	V85CG	V85CG	0
P2	19.544	0.976	V91CG	V91CG	0
P3	22.824	0.944	V150CG	V150CG	0
P4	19.759	0.890	V17CG	V17CG	0
P5	25.191	1.193	A156CB	A156CB	0
P6	22.671	0.824	V50CG	V50CG	0
P7	18.896	0.550	V91CG	V91CG	0
P8	22.016	1.273	V13CG	V13CG	0
P9	18.268	1.005	V123CG	V123CG	0
P10	19.115	1.065	A35CB	A35CB	0
P11	18.555	1.218	A111CB	A111CB;A145CB;A109CB;A84CB;A22CB	0
P12	25.506	0.528	L29CD	L29CD	0
P13	25.347	0.739	L43CD	L43CD	0
P14	24.378	0.898	L55CD	L55CD	0
P15	25.091	0.912	L120CD	L120CD	0
P16	19.564	1.402	A18CB	A18CB	0
P17	21.782	1.716	A14CB	A14CB	0
P18	25.855	0.699	L63CD	L63CD	0
P19	24.732	0.874	L63CD	L63CD	0
P20	25.881	0.637	L126CD	L126CD	0
P21	26.655	0.809	L157CD	L157CD	0
P22	23.261	1.364	A33CB	A33CB	0
P23	22.965	0.790	V50CG	V50CG	0
P24	23.856	0.875	V41CG	V41CG	0
P25	25.653	0.854	L36CD	L36CD	0
P26	23.124	0.730	L36CD	L36CD	0
P27	22.850	0.288	L132CD	L132CD	0
P28	24.590	-0.579	L126CD	L126CD	0
P29	20.848	0.748	V49CG	V49CG	0
P30	20.370	0.739	V85CG	V85CG	0
P31	21.970	0.364	V123CG	V123CG	0
P32	20.829	0.584	V41CG	V41CG	0
P33	23.789	0.708	L26CD	L26CD	0
P34	26.154	0.788	L26CD	L26CD	0
P35	22.274	0.574	L76CD	L76CD	0
P36	25.463	0.660	L37CD	L37CD	0
P37	15.829	0.574	I80CD1	I80CD1	0
P38	19.700	0.105	V16CG	V16CG	0
P39	18.968	0.112	V13CG	V13CG	0
P40	25.870	1.286	L48CD	L48CD	0
P41	26.140	1.113	L29CD	L29CD	0
P42	21.450	0.926	V150CG	V150CG	0
P43	21.080	0.610	V74CG	V74CG	0
P44	25.081	0.739	L43CD	L43CD	0
P45	24.067	0.729	L55CD	L55CD	0
P46	24.746	0.285	L75CD	L75CD	0
P47	21.416	0.191	L142CD	L142CD	0
P48	20.635	0.879	T79CG2	T79CG2	1
P49	12.788	0.391	I97CD1	I97CD1	0
P50	14.088	0.715	I83CD1	I83CD1	0
P51	18.673	1.397	A96CB	A96CB	0
P52	20.852	0.857	V49CG	V49CG	0
P53	20.593	0.888	V1CG	V1CG	1
P54	21.361	1.098	T77CG2	T77CG2	0
P55	21.396	1.019	V62CG	V62CG	0
P56	20.496	0.966	V1CG	V1CG	0
P57	20.600	0.292	L94CD	L94CD	0
P58	25.015	-0.120	L120CD	L120CD	0
P59	26.463	0.613	L75CD	L75CD	0
P60	26.306	0.610	L57CD	L57CD	0
P61	23.612	1.576	A134CB	A134CB	0
P62	13.567	0.365	I154CD1	I154CD1	0
P63	21.894	1.269	T7CG2	T7CG2	0
P64	19.911	1.385	A84CB	A84CB;A109CB;A111CB;A145CB;A22CB	0
P65	18.742	1.271	A22CB	A22CB;A84CB;A109CB	0
P66	13.778	0.842	I155CD1	I155CD1	0
P67	25.248	0.009	L132CD	L132CD	0
P68	24.573	0.881	L93CD	L93CD	0
P69	21.402	0.615	V62CG	V62CG	0
P70	22.295	0.708	V74CG	V74CG	0
P71	26.671	0.400	L157CD	L157CD	0
P72	22.701	0.763	L93CD	L93CD	0
P73	23.481	0.622	L94CD	L94CD	0
P74	26.278	0.535	L57CD	L57CD	0
P75	18.269	0.163	A38CB	A38CB	0
P76	15.354	0.801	I118CD1	I118CD1	0
P77	25.177	0.480	L37CD	L37CD	0
P78	21.790	-0.197	L48CD	L48CD	0
P79	19.498	1.508	A109CB	A109CB;A111CB;A145CB;A84CB;A22CB	0
P80	23.744	1.129	V17CG	V17CG	0
P81	22.871	1.064	V16CG	V16CG	0
P82	14.108	0.275	I58CD1	I58CD1	0
P83	15.282	0.824	I136CD1	I136CD1	0
P84	27.729	0.748	L76CD	L76CD	0
P85	22.893	0.718	L142CD	L142CD	0
