label	H_ppm	C_ppm	res_type
P1	0.82	12.833	I
P2	0.915	24.486	L
P3	0.868	22.364	L
P4	0.008	15.537	I
P5	0.463	21.566	V
P6	0.739	23.955	V
P7	0.541	20.604	V
P8	0.137	22.556	V
P9	0.295	24.621	L
P10	-0.285	20.071	L
P11	0.755	25.838	L
P12	0.817	22.144	L
P13	0.68	14.704	I
P14	0.678	20.943	V
P15	1.051	24.763	V
P16	0.806	26.301	L
P17	0.827	22.903	L
P18	0.305	25.988	L
P19	0.732	22.305	L
P20	1.101	24.942	L
P21	0.673	19.976	L
P22	0.769	12.12	I
P23	0.904	25.428	L
P24	0.751	24.554	L
P25	0.811	21.936	V
P26	0.815	20.637	V
P27	-0.085	24.801	L
P28	-0.21	20.081	L
P29	0.823	23.547	L
P30	0.674	25.333	L
P31	0.901	25.353	L
P32	0.903	24.612	L
P33	0.759	20.674	V
P34	0.683	18.64	V
P35	0.852	20.318	V
P36	0.988	22.292	V
P37	0.958	21.311	V
P38	0.857	22.218	V
P39	0.81	10.255	I
P40	0.724	14.49	I
P41	0.578	25.348	L
P42	0.593	26.534	L
P43	0.23	19.382	V
P44	-0.834	17.697	V
P45	0.737	21.619	V
P46	0.687	18.891	V
P47	0.572	24.941	L
P48	0.607	24.322	L
P49	0.768	23.192	L
P50	0.748	26.304	L
P51	0.456	27.936	L
P52	-0.448	21.862	L
P53	0.262	13.61	I
P54	0.39	11.341	I
P55	0.848	21.207	V
P56	0.924	22.805	V
P57	0.831	14.215	I
P58	1.178	22.279	V
P59	1.376	25.567	V
P60	0.842	23.827	L
P61	0.611	26.784	L
P62	0.726	26.758	L
P63	-0.082	24.39	L
P64	0.359	22.737	L
P65	0.407	21.75	V
P66	0.743	23.7	V
P67	0.734	21.345	V
P68	0.541	18.759	V
P69	0.703	19.42	V
P70	0.205	19.366	V
P71	0.663	22.639	L
P72	0.813	26.102	L
P73	0.746	16.119	I
P74	0.768	24.801	L
P75	0.501	22.68	L
P76	1.09	28.067	L
P77	0.904	22.536	L
P78	0.8	21.989	V
P79	0.88	21.929	V
P80	0.562	10.616	I
P81	0.68	21.754	L
P82	-0.499	24.072	L
P83	0.876	25.413	L
P84	1.069	24.834	L
P85	0.804	25.156	L
P86	0.699	22.5	L
P87	0.503	13.747	I
P88	0.632	24.913	L
P89	0.715	24.407	L
P90	0.664	12.365	I
P91	0.756	12.276	I
P92	0.901	11.691	I
P93	0.651	19.992	V
P94	0.648	21.191	V
P95	0.651	11.138	I
P96	0.898	22.279	V
P97	0.924	21.02	V
P98	0.378	9.49	I
P99	0.655	13.602	I
P100	0.876	26.885	L
P101	0.655	22.419	L
P102	0.833	23.138	V
P103	0.785	21.43	V
P104	0.423	21.032	V
P105	0.642	18.142	V
P106	0.745	13.198	I
P107	0.945	24.614	L
P108	0.895	23.633	L
P109	0.881	25.696	L
P110	0.768	26.157	L
P111	0.601	25.289	L
P112	0.771	26.26	L
P113	0.93	25.478	L
P114	0.778	24.044	L
P115	1.052	23.575	L
P116	0.821	25.239	L
P117	0.938	25.13	L
P118	0.807	24.015	L
P119	0.572	13.073	I
P120	0.204	25.272	L
P121	0.625	22.249	L
P122	0.835	21.446	L
P123	0.78	27.669	L
P124	0.818	25.213	L
P125	0.633	22.086	L
P126	0.875	14.606	I
P127	1.022	20.603	V
P128	0.865	18.883	V
P129	0.988	22.988	L
P130	0.745	25.785	L
P131	0.598	13.843	I
P132	0.163	20.967	V
P133	0.402	21.448	V
P134	0.778	14.919	I
P135	0.999	12.815	I
P136	1.105	24.066	L
P137	0.769	27.381	L
P138	-0.085	20.364	V
P139	0.566	21.867	V
P140	0.871	13.82	I
P141	0.863	23.064	L
P142	1.033	25.825	L
P143	0.885	25.628	L
P144	0.721	22.069	L
P145	0.67	19.406	V
P146	0.726	21.071	V
P147	0.29	12.747	I
P148	0.72	22.383	V
P149	0.437	20.605	V
P150	0.912	21.973	V
P151	0.989	20.715	V
P152	0.548	13.073	I
P153	0.718	26.081	L
P154	0.807	22.095	L
P155	0.469	24.802	L
P156	0.373	22.504	L
P157	0.745	14.922	I
P158	0.971	27.191	L
P159	0.888	25.452	L
P160	1.194	27.524	L
P161	0.801	21.476	L
P162	0.79	13.782	I
P163	0.98	21.292	V
P164	1.134	22.836	V
P165	0.642	14.145	I
P166	0.387	24.883	L
P167	0.452	21.609	L
P168	0.474	20.503	V
P169	0.67	17.943	V
P170	0.916	25.988	L
P171	1.075	22.194	L
P172	0.648	14.308	I
P173	0.904	19.622	V
P174	0.854	20.949	V
P175	0.561	25.082	L
P176	0.282	20.686	L
P177	0.627	25.945	L
P178	0.67	22.337	L
P179	0.761	25.082	L
P180	0.619	23.324	L
P181	0.722	13.295	I
P182	1.066	25.98	L
P183	0.937	22.371	L
P184	0.115	23.498	L
P185	0.1	22.406	L
P186	1.134	24.923	V
P187	0.916	17.974	V
P188	0.572	25.18	L
P189	0.25	21.491	L
P190	0.781	25.237	L
P191	0.261	20.492	L
P192	1.087	22.981	V
P193	1.115	20.128	V
P194	0.894	21.888	V
P195	0.865	20.935	V
P196	0.603	13.815	I
P197	0.721	26.49	L
P198	1.055	23.384	L
P199	0.989	24.348	L
P200	0.95	25.639	L
P201	0.826	24.877	L
P202	1.214	24.663	L
P203	0.781	26.739	L
P204	0.738	22.528	L
P205	0.757	14.656	I
P206	0.53	20.609	V
P207	0.527	20.334	V
P208	0.825	13.646	I
P209	1.05	26.922	L
P210	1.053	24.904	L
P211	0.752	22.462	V
P212	0.974	25.068	V
P213	0.502	14.352	I
P214	0.912	27.761	L
P215	0.754	23.071	L
P216	1.033	23.104	V
P217	1.12	26.709	V
P218	1.329	20.748	V
P219	1.155	21.975	V
P220	0.864	21.774	V
P221	1.349	25.146	V
P222	0.772	12.58	I
P223	0.945	22.917	V
P224	0.784	14.613	I
P225	0.805	20.784	V
P226	0.882	21.6	V
P227	0.894	25.544	L
P228	0.678	23.46	L
P229	0.867	27.517	L
P230	1.02	25.306	L
P231	0.647	15.941	I
P232	0.863	23.659	L
P233	0.829	25.235	L
P234	0.581	8.057	I
P235	1.193	28.466	L
P236	1.057	25.318	L
P237	0.763	22.427	V
P238	1.119	24.262	V
P239	0.717	25.9	L
P240	0.479	23.362	L
P241	0.899	19.705	V
P242	1.127	21.958	V
P243	1.058	22.628	V
P244	1.131	23.404	V
P245	0.738	26.693	L
P246	0.903	24.144	L
P247	0.574	14.757	I
P248	0.907	25.034	L
P249	0.881	22.156	L
P250	1.046	21.452	V
P251	1.035	19.731	V
P252	0.806	25.811	L
P253	1.022	22.836	L
P254	0.182	24.727	L
P255	0.057	22.944	L
P256	0.98	25.176	L
P257	0.956	23.695	L
