label	res_type	call	n_options	options	truth	call_correct	truth_in_set
P1	I	I5CD1	9	I5CD1,I12CD1,I42CD1,I346CD1,I349CD1,I357CD1,I361CD1,I388CD1,I409CD1	I5CD1	1	1
P2	L	L10CD1	11	L10CD1,L10CD2,L46CD1,L46CD2,L362CD1,L362CD2,L405CD1,L405CD2,L413CD1,L413CD2,L420CD1	L10CD1	1	1
P3	L	L10CD2	11	L10CD1,L10CD2,L46CD1,L46CD2,L362CD1,L362CD2,L405CD1,L405CD2,L413CD1,L413CD2,L420CD2	L10CD2	1	1
P4	I	I12CD1	6	I12CD1,I42CD1,I349CD1,I357CD1,I361CD1,I409CD1	I12CD1	1	1
P5	V	V20CG1	3	V20CG1,V20CG2,V365CG2	V20CG1	1	1
P6	V	V20CG2	3	V20CG1,V20CG2,V365CG1	V20CG2	1	1
P7	V	V24CG1	8	V20CG1,V20CG2,V24CG1,V24CG2,V43CG2,V348CG1,V348CG2,V365CG1	V24CG1	1	1
P8	V	V24CG2	8	V20CG1,V20CG2,V24CG1,V24CG2,V43CG2,V348CG1,V348CG2,V365CG1	V24CG2	1	1
P9	L	L25CD1	14	L10CD1,L25CD1,L25CD2,L30CD1,L291CD1,L291CD2,L362CD1,L362CD2,L372CD1,L405CD1,L405CD2,L413CD1,L413CD2,L420CD1	L25CD1	1	1
P10	L	L25CD2	14	L10CD1,L25CD1,L25CD2,L30CD1,L291CD1,L291CD2,L362CD1,L362CD2,L372CD1,L405CD1,L405CD2,L413CD1,L413CD2,L420CD1	L25CD2	1	1
P11	L	L514CD2	126	L10CD1,L10CD2,L25CD1,L25CD2,L30CD1,L30CD2,L46CD1,L46CD2,L53CD1,L53CD2,L54CD1,L54CD2,L64CD1,L64CD2,L85CD1,L85CD2,L88CD1,L88CD2,L91CD1,L91CD2,L117CD1,L117CD2,L128CD1,L128CD2,L174CD1,L174CD2,L178CD1,L178CD2,L198CD1,L198CD2,L202CD1,L202CD2,L230CD1,L230CD2,L231CD1,L231CD2,L236CD1,L236CD2,L240CD1,L240CD2,L269CD1,L269CD2,L285CD1,L285CD2,L286CD1,L286CD2,L290CD1,L290CD2,L291CD1,L291CD2,L293CD1,L293CD2,L298CD1,L298CD2,L313CD1,L313CD2,L329CD1,L329CD2,L334CD1,L334CD2,L335CD1,L335CD2,L343CD1,L343CD2,L362CD1,L362CD2,L372CD1,L372CD2,L375CD1,L375CD2,L405CD1,L405CD2,L413CD1,L413CD2,L420CD1,L420CD2,L433CD1,L433CD2,L435CD1,L435CD2,L454CD1,L454CD2,L471CD1,L471CD2,L491CD1,L491CD2,L494CD1,L494CD2,L498CD1,L498CD2,L514CD1,L514CD2,L526CD1,L526CD2,L543CD1,L543CD2,L546CD1,L546CD2,L572CD1,L572CD2,L573CD1,L573CD2,L576CD1,L576CD2,L577CD1,L577CD2,L596CD1,L596CD2,L604CD1,L604CD2,L628CD1,L628CD2,L635CD1,L635CD2,L646CD1,L646CD2,L660CD1,L660CD2,L699CD1,L699CD2,L711CD1,L711CD2,L712CD1,L712CD2,L717CD1,L717CD2	L30CD1	0	1
P12	L	L375CD2	126	L10CD1,L10CD2,L25CD1,L25CD2,L30CD1,L30CD2,L46CD1,L46CD2,L53CD1,L53CD2,L54CD1,L54CD2,L64CD1,L64CD2,L85CD1,L85CD2,L88CD1,L88CD2,L91CD1,L91CD2,L117CD1,L117CD2,L128CD1,L128CD2,L174CD1,L174CD2,L178CD1,L178CD2,L198CD1,L198CD2,L202CD1,L202CD2,L230CD1,L230CD2,L231CD1,L231CD2,L236CD1,L236CD2,L240CD1,L240CD2,L269CD1,L269CD2,L285CD1,L285CD2,L286CD1,L286CD2,L290CD1,L290CD2,L291CD1,L291CD2,L293CD1,L293CD2,L298CD1,L298CD2,L313CD1,L313CD2,L329CD1,L329CD2,L334CD1,L334CD2,L335CD1,L335CD2,L343CD1,L343CD2,L362CD1,L362CD2,L372CD1,L372CD2,L375CD1,L375CD2,L405CD1,L405CD2,L413CD1,L413CD2,L420CD1,L420CD2,L433CD1,L433CD2,L435CD1,L435CD2,L454CD1,L454CD2,L471CD1,L471CD2,L491CD1,L491CD2,L494CD1,L494CD2,L498CD1,L498CD2,L514CD1,L514CD2,L526CD1,L526CD2,L543CD1,L543CD2,L546CD1,L546CD2,L572CD1,L572CD2,L573CD1,L573CD2,L576CD1,L576CD2,L577CD1,L577CD2,L596CD1,L596CD2,L604CD1,L604CD2,L628CD1,L628CD2,L635CD1,L635CD2,L646CD1,L646CD2,L660CD1,L660CD2,L699CD1,L699CD2,L711CD1,L711CD2,L712CD1,L712CD2,L717CD1,L717CD2	L30CD2	0	1
P13	I	I265CD1	25	I5CD1,I12CD1,I42CD1,I60CD1,I105CD1,I109CD1,I265CD1,I268CD1,I284CD1,I327CD1,I337CD1,I346CD1,I349CD1,I357CD1,I361CD1,I370CD1,I388CD1,I409CD1,I424CD1,I482CD1,I560CD1,I579CD1,I615CD1,I623CD1,I637CD1	I42CD1	0	1
P14	V	V43CG1	13	V20CG1,V20CG2,V24CG1,V43CG1,V43CG2,V340CG1,V340CG2,V348CG1,V348CG2,V365CG1,V365CG2,V386CG1,V386CG2	V43CG1	1	1
P15	V	V43CG2	13	V20CG1,V20CG2,V24CG1,V43CG1,V43CG2,V340CG1,V340CG2,V348CG1,V348CG2,V365CG1,V365CG2,V386CG1,V386CG2	V43CG2	1	1
P16	L	L717CD2	126	L10CD1,L10CD2,L25CD1,L25CD2,L30CD1,L30CD2,L46CD1,L46CD2,L53CD1,L53CD2,L54CD1,L54CD2,L64CD1,L64CD2,L85CD1,L85CD2,L88CD1,L88CD2,L91CD1,L91CD2,L117CD1,L117CD2,L128CD1,L128CD2,L174CD1,L174CD2,L178CD1,L178CD2,L198CD1,L198CD2,L202CD1,L202CD2,L230CD1,L230CD2,L231CD1,L231CD2,L236CD1,L236CD2,L240CD1,L240CD2,L269CD1,L269CD2,L285CD1,L285CD2,L286CD1,L286CD2,L290CD1,L290CD2,L291CD1,L291CD2,L293CD1,L293CD2,L298CD1,L298CD2,L313CD1,L313CD2,L329CD1,L329CD2,L334CD1,L334CD2,L335CD1,L335CD2,L343CD1,L343CD2,L362CD1,L362CD2,L372CD1,L372CD2,L375CD1,L375CD2,L405CD1,L405CD2,L413CD1,L413CD2,L420CD1,L420CD2,L433CD1,L433CD2,L435CD1,L435CD2,L454CD1,L454CD2,L471CD1,L471CD2,L491CD1,L491CD2,L494CD1,L494CD2,L498CD1,L498CD2,L514CD1,L514CD2,L526CD1,L526CD2,L543CD1,L543CD2,L546CD1,L546CD2,L572CD1,L572CD2,L573CD1,L573CD2,L576CD1,L576CD2,L577CD1,L577CD2,L596CD1,L596CD2,L604CD1,L604CD2,L628CD1,L628CD2,L635CD1,L635CD2,L646CD1,L646CD2,L660CD1,L660CD2,L699CD1,L699CD2,L711CD1,L711CD2,L712CD1,L712CD2,L717CD1,L717CD2	L46CD1	0	1
P17	L	L717CD1	126	L10CD1,L10CD2,L25CD1,L25CD2,L30CD1,L30CD2,L46CD1,L46CD2,L53CD1,L53CD2,L54CD1,L54CD2,L64CD1,L64CD2,L85CD1,L85CD2,L88CD1,L88CD2,L91CD1,L91CD2,L117CD1,L117CD2,L128CD1,L128CD2,L174CD1,L174CD2,L178CD1,L178CD2,L198CD1,L198CD2,L202CD1,L202CD2,L230CD1,L230CD2,L231CD1,L231CD2,L236CD1,L236CD2,L240CD1,L240CD2,L269CD1,L269CD2,L285CD1,L285CD2,L286CD1,L286CD2,L290CD1,L290CD2,L291CD1,L291CD2,L293CD1,L293CD2,L298CD1,L298CD2,L313CD1,L313CD2,L329CD1,L329CD2,L334CD1,L334CD2,L335CD1,L335CD2,L343CD1,L343CD2,L362CD1,L362CD2,L372CD1,L372CD2,L375CD1,L375CD2,L405CD1,L405CD2,L413CD1,L413CD2,L420CD1,L420CD2,L433CD1,L433CD2,L435CD1,L435CD2,L454CD1,L454CD2,L471CD1,L471CD2,L491CD1,L491CD2,L494CD1,L494CD2,L498CD1,L498CD2,L514CD1,L514CD2,L526CD1,L526CD2,L543CD1,L543CD2,L546CD1,L546CD2,L572CD1,L572CD2,L573CD1,L573CD2,L576CD1,L576CD2,L577CD1,L577CD2,L596CD1,L596CD2,L604CD1,L604CD2,L628CD1,L628CD2,L635CD1,L635CD2,L646CD1,L646CD2,L660CD1,L660CD2,L699CD1,L699CD2,L711CD1,L711CD2,L712CD1,L712CD2,L717CD1,L717CD2	L46CD2	0	1
P18	L	L471CD1	126	L10CD1,L10CD2,L25CD1,L25CD2,L30CD1,L30CD2,L46CD1,L46CD2,L53CD1,L53CD2,L54CD1,L54CD2,L64CD1,L64CD2,L85CD1,L85CD2,L88CD1,L88CD2,L91CD1,L91CD2,L117CD1,L117CD2,L128CD1,L128CD2,L174CD1,L174CD2,L178CD1,L178CD2,L198CD1,L198CD2,L202CD1,L202CD2,L230CD1,L230CD2,L231CD1,L231CD2,L236CD1,L236CD2,L240CD1,L240CD2,L269CD1,L269CD2,L285CD1,L285CD2,L286CD1,L286CD2,L290CD1,L290CD2,L291CD1,L291CD2,L293CD1,L293CD2,L298CD1,L298CD2,L313CD1,L313CD2,L329CD1,L329CD2,L334CD1,L334CD2,L335CD1,L335CD2,L343CD1,L343CD2,L362CD1,L362CD2,L372CD1,L372CD2,L375CD1,L375CD2,L405CD1,L405CD2,L413CD1,L413CD2,L420CD1,L420CD2,L433CD1,L433CD2,L435CD1,L435CD2,L454CD1,L454CD2,L471CD1,L471CD2,L491CD1,L491CD2,L494CD1,L494CD2,L498CD1,L498CD2,L514CD1,L514CD2,L526CD1,L526CD2,L543CD1,L543CD2,L546CD1,L546CD2,L572CD1,L572CD2,L573CD1,L573CD2,L576CD1,L576CD2,L577CD1,L577CD2,L596CD1,L596CD2,L604CD1,L604CD2,L628CD1,L628CD2,L635CD1,L635CD2,L646CD1,L646CD2,L660CD1,L660CD2,L699CD1,L699CD2,L711CD1,L711CD2,L712CD1,L712CD2,L717CD1,L717CD2	L53CD1	0	1
P19	L	L471CD2	126	L10CD1,L10CD2,L25CD1,L25CD2,L30CD1,L30CD2,L46CD1,L46CD2,L53CD1,L53CD2,L54CD1,L54CD2,L64CD1,L64CD2,L85CD1,L85CD2,L88CD1,L88CD2,L91CD1,L91CD2,L117CD1,L117CD2,L128CD1,L128CD2,L174CD1,L174CD2,L178CD1,L178CD2,L198CD1,L198CD2,L202CD1,L202CD2,L230CD1,L230CD2,L231CD1,L231CD2,L236CD1,L236CD2,L240CD1,L240CD2,L269CD1,L269CD2,L285CD1,L285CD2,L286CD1,L286CD2,L290CD1,L290CD2,L291CD1,L291CD2,L293CD1,L293CD2,L298CD1,L298CD2,L313CD1,L313CD2,L329CD1,L329CD2,L334CD1,L334CD2,L335CD1,L335CD2,L343CD1,L343CD2,L362CD1,L362CD2,L372CD1,L372CD2,L375CD1,L375CD2,L405CD1,L405CD2,L413CD1,L413CD2,L420CD1,L420CD2,L433CD1,L433CD2,L435CD1,L435CD2,L454CD1,L454CD2,L471CD1,L471CD2,L491CD1,L491CD2,L494CD1,L494CD2,L498CD1,L498CD2,L514CD1,L514CD2,L526CD1,L526CD2,L543CD1,L543CD2,L546CD1,L546CD2,L572CD1,L572CD2,L573CD1,L573CD2,L576CD1,L576CD2,L577CD1,L577CD2,L596CD1,L596CD2,L604CD1,L604CD2,L628CD1,L628CD2,L635CD1,L635CD2,L646CD1,L646CD2,L660CD1,L660CD2,L699CD1,L699CD2,L711CD1,L711CD2,L712CD1,L712CD2,L717CD1,L717CD2	L53CD2	0	1
P20	L	L372CD1	126	L10CD1,L10CD2,L25CD1,L25CD2,L30CD1,L30CD2,L46CD1,L46CD2,L53CD1,L53CD2,L54CD1,L54CD2,L64CD1,L64CD2,L85CD1,L85CD2,L88CD1,L88CD2,L91CD1,L91CD2,L117CD1,L117CD2,L128CD1,L128CD2,L174CD1,L174CD2,L178CD1,L178CD2,L198CD1,L198CD2,L202CD1,L202CD2,L230CD1,L230CD2,L231CD1,L231CD2,L236CD1,L236CD2,L240CD1,L240CD2,L269CD1,L269CD2,L285CD1,L285CD2,L286CD1,L286CD2,L290CD1,L290CD2,L291CD1,L291CD2,L293CD1,L293CD2,L298CD1,L298CD2,L313CD1,L313CD2,L329CD1,L329CD2,L334CD1,L334CD2,L335CD1,L335CD2,L343CD1,L343CD2,L362CD1,L362CD2,L372CD1,L372CD2,L375CD1,L375CD2,L405CD1,L405CD2,L413CD1,L413CD2,L420CD1,L420CD2,L433CD1,L433CD2,L435CD1,L435CD2,L454CD1,L454CD2,L471CD1,L471CD2,L491CD1,L491CD2,L494CD1,L494CD2,L498CD1,L498CD2,L514CD1,L514CD2,L526CD1,L526CD2,L543CD1,L543CD2,L546CD1,L546CD2,L572CD1,L572CD2,L573CD1,L573CD2,L576CD1,L576CD2,L577CD1,L577CD2,L596CD1,L596CD2,L604CD1,L604CD2,L628CD1,L628CD2,L635CD1,L635CD2,L646CD1,L646CD2,L660CD1,L660CD2,L699CD1,L699CD2,L711CD1,L711CD2,L712CD1,L712CD2,L717CD1,L717CD2	L54CD1	0	1
P21	L	L372CD2	126	L10CD1,L10CD2,L25CD1,L25CD2,L30CD1,L30CD2,L46CD1,L46CD2,L53CD1,L53CD2,L54CD1,L54CD2,L64CD1,L64CD2,L85CD1,L85CD2,L88CD1,L88CD2,L91CD1,L91CD2,L117CD1,L117CD2,L128CD1,L128CD2,L174CD1,L174CD2,L178CD1,L178CD2,L198CD1,L198CD2,L202CD1,L202CD2,L230CD1,L230CD2,L231CD1,L231CD2,L236CD1,L236CD2,L240CD1,L240CD2,L269CD1,L269CD2,L285CD1,L285CD2,L286CD1,L286CD2,L290CD1,L290CD2,L291CD1,L291CD2,L293CD1,L293CD2,L298CD1,L298CD2,L313CD1,L313CD2,L329CD1,L329CD2,L334CD1,L334CD2,L335CD1,L335CD2,L343CD1,L343CD2,L362CD1,L362CD2,L372CD1,L372CD2,L375CD1,L375CD2,L405CD1,L405CD2,L413CD1,L413CD2,L420CD1,L420CD2,L433CD1,L433CD2,L435CD1,L435CD2,L454CD1,L454CD2,L471CD1,L471CD2,L491CD1,L491CD2,L494CD1,L494CD2,L498CD1,L498CD2,L514CD1,L514CD2,L526CD1,L526CD2,L543CD1,L543CD2,L546CD1,L546CD2,L572CD1,L572CD2,L573CD1,L573CD2,L576CD1,L576CD2,L577CD1,L577CD2,L596CD1,L596CD2,L604CD1,L604CD2,L628CD1,L628CD2,L635CD1,L635CD2,L646CD1,L646CD2,L660CD1,L660CD2,L699CD1,L699CD2,L711CD1,L711CD2,L712CD1,L712CD2,L717CD1,L717CD2	L54CD2	0	1
P22	I	I337CD1	7	I60CD1,I105CD1,I109CD1,I284CD1,I337CD1,I370CD1,I579CD1	I60CD1	0	1
P23	L	L293CD2	20	L64CD1,L64CD2,L85CD1,L85CD2,L91CD1,L91CD2,L269CD1,L269CD2,L286CD1,L286CD2,L290CD1,L290CD2,L293CD1,L293CD2,L298CD1,L335CD1,L335CD2,L433CD2,L577CD1,L577CD2	L64CD1	0	1
P24	L	L293CD1	20	L64CD1,L64CD2,L85CD1,L85CD2,L91CD1,L91CD2,L269CD1,L269CD2,L286CD1,L286CD2,L290CD1,L290CD2,L293CD1,L293CD2,L298CD2,L335CD1,L335CD2,L433CD1,L577CD1,L577CD2	L64CD2	0	1
P25	V	V446CG1	66	V20CG1,V20CG2,V24CG1,V24CG2,V43CG1,V43CG2,V75CG1,V75CG2,V92CG1,V92CG2,V98CG1,V98CG2,V100CG1,V100CG2,V118CG1,V118CG2,V119CG1,V119CG2,V193CG1,V193CG2,V217CG1,V217CG2,V275CG1,V275CG2,V278CG1,V278CG2,V340CG1,V340CG2,V348CG1,V348CG2,V365CG1,V365CG2,V386CG1,V386CG2,V389CG1,V389CG2,V399CG1,V399CG2,V446CG1,V446CG2,V464CG1,V464CG2,V535CG1,V535CG2,V553CG1,V553CG2,V556CG1,V556CG2,V581CG1,V581CG2,V607CG1,V607CG2,V608CG1,V608CG2,V611CG1,V611CG2,V620CG1,V620CG2,V626CG1,V626CG2,V666CG1,V666CG2,V667CG1,V667CG2,V701CG1,V701CG2	V75CG1	0	1
P26	V	V446CG2	66	V20CG1,V20CG2,V24CG1,V24CG2,V43CG1,V43CG2,V75CG1,V75CG2,V92CG1,V92CG2,V98CG1,V98CG2,V100CG1,V100CG2,V118CG1,V118CG2,V119CG1,V119CG2,V193CG1,V193CG2,V217CG1,V217CG2,V275CG1,V275CG2,V278CG1,V278CG2,V340CG1,V340CG2,V348CG1,V348CG2,V365CG1,V365CG2,V386CG1,V386CG2,V389CG1,V389CG2,V399CG1,V399CG2,V446CG1,V446CG2,V464CG1,V464CG2,V535CG1,V535CG2,V553CG1,V553CG2,V556CG1,V556CG2,V581CG1,V581CG2,V607CG1,V607CG2,V608CG1,V608CG2,V611CG1,V611CG2,V620CG1,V620CG2,V626CG1,V626CG2,V666CG1,V666CG2,V667CG1,V667CG2,V701CG1,V701CG2	V75CG2	0	1
P27	L	L269CD1	32	L64CD1,L64CD2,L85CD1,L85CD2,L88CD2,L91CD1,L91CD2,L117CD2,L128CD2,L269CD1,L269CD2,L286CD1,L286CD2,L290CD1,L290CD2,L293CD1,L293CD2,L298CD1,L298CD2,L313CD1,L313CD2,L334CD1,L335CD1,L335CD2,L433CD1,L433CD2,L573CD1,L573CD2,L576CD1,L576CD2,L577CD1,L577CD2	L85CD1	0	1
P28	L	L269CD2	32	L64CD1,L64CD2,L85CD1,L85CD2,L88CD2,L91CD1,L91CD2,L117CD2,L128CD2,L269CD1,L269CD2,L286CD1,L286CD2,L290CD1,L290CD2,L293CD1,L293CD2,L298CD1,L298CD2,L313CD1,L313CD2,L334CD1,L335CD1,L335CD2,L433CD1,L433CD2,L573CD1,L573CD2,L576CD1,L576CD2,L577CD1,L577CD2	L85CD2	0	1
P29	L	L286CD2	23	L64CD1,L64CD2,L85CD2,L88CD1,L88CD2,L269CD1,L269CD2,L285CD1,L285CD2,L286CD1,L286CD2,L290CD1,L290CD2,L291CD1,L291CD2,L293CD1,L293CD2,L334CD1,L334CD2,L335CD1,L335CD2,L362CD2,L577CD2	L88CD1	0	1
P30	L	L290CD1	23	L64CD1,L64CD2,L85CD2,L88CD1,L88CD2,L269CD1,L269CD2,L285CD1,L285CD2,L286CD1,L286CD2,L290CD1,L290CD2,L291CD1,L291CD2,L293CD1,L293CD2,L334CD1,L334CD2,L335CD1,L335CD2,L362CD2,L577CD2	L88CD2	0	1
P31	L	L290CD2	40	L64CD1,L64CD2,L85CD1,L85CD2,L88CD2,L91CD1,L91CD2,L117CD1,L117CD2,L128CD1,L128CD2,L269CD1,L269CD2,L286CD1,L286CD2,L290CD1,L290CD2,L291CD1,L291CD2,L293CD1,L293CD2,L298CD1,L298CD2,L313CD1,L313CD2,L334CD1,L334CD2,L335CD1,L335CD2,L433CD1,L433CD2,L435CD2,L572CD1,L572CD2,L573CD1,L573CD2,L576CD1,L576CD2,L577CD1,L577CD2	L91CD1	0	1
P32	L	L117CD2	28	L64CD1,L64CD2,L85CD1,L85CD2,L88CD2,L91CD1,L91CD2,L117CD1,L117CD2,L269CD1,L269CD2,L286CD1,L286CD2,L290CD1,L290CD2,L291CD1,L291CD2,L293CD1,L293CD2,L298CD2,L334CD1,L335CD1,L335CD2,L433CD1,L435CD2,L573CD1,L577CD1,L577CD2	L91CD2	0	1
P33	V	V535CG1	23	V20CG1,V20CG2,V24CG1,V24CG2,V75CG1,V75CG2,V92CG1,V92CG2,V118CG1,V118CG2,V119CG1,V119CG2,V275CG1,V275CG2,V340CG1,V340CG2,V386CG1,V386CG2,V446CG1,V464CG1,V464CG2,V535CG1,V535CG2	V92CG1	0	1
P34	V	V535CG2	23	V20CG1,V20CG2,V24CG1,V24CG2,V75CG1,V75CG2,V92CG1,V92CG2,V118CG1,V118CG2,V119CG1,V119CG2,V275CG1,V275CG2,V340CG1,V340CG2,V386CG1,V386CG2,V446CG2,V464CG1,V464CG2,V535CG1,V535CG2	V92CG2	0	1
P35	V	V118CG2	66	V20CG1,V20CG2,V24CG1,V24CG2,V43CG1,V43CG2,V75CG1,V75CG2,V92CG1,V92CG2,V98CG1,V98CG2,V100CG1,V100CG2,V118CG1,V118CG2,V119CG1,V119CG2,V193CG1,V193CG2,V217CG1,V217CG2,V275CG1,V275CG2,V278CG1,V278CG2,V340CG1,V340CG2,V348CG1,V348CG2,V365CG1,V365CG2,V386CG1,V386CG2,V389CG1,V389CG2,V399CG1,V399CG2,V446CG1,V446CG2,V464CG1,V464CG2,V535CG1,V535CG2,V553CG1,V553CG2,V556CG1,V556CG2,V581CG1,V581CG2,V607CG1,V607CG2,V608CG1,V608CG2,V611CG1,V611CG2,V620CG1,V620CG2,V626CG1,V626CG2,V666CG1,V666CG2,V667CG1,V667CG2,V701CG1,V701CG2	V98CG1	0	1
P36	V	V118CG1	66	V20CG1,V20CG2,V24CG1,V24CG2,V43CG1,V43CG2,V75CG1,V75CG2,V92CG1,V92CG2,V98CG1,V98CG2,V100CG1,V100CG2,V118CG1,V118CG2,V119CG1,V119CG2,V193CG1,V193CG2,V217CG1,V217CG2,V275CG1,V275CG2,V278CG1,V278CG2,V340CG1,V340CG2,V348CG1,V348CG2,V365CG1,V365CG2,V386CG1,V386CG2,V389CG1,V389CG2,V399CG1,V399CG2,V446CG1,V446CG2,V464CG1,V464CG2,V535CG1,V535CG2,V553CG1,V553CG2,V556CG1,V556CG2,V581CG1,V581CG2,V607CG1,V607CG2,V608CG1,V608CG2,V611CG1,V611CG2,V620CG1,V620CG2,V626CG1,V626CG2,V666CG1,V666CG2,V667CG1,V667CG2,V701CG1,V701CG2	V98CG2	0	1
P37	V	V340CG2	27	V20CG1,V20CG2,V24CG1,V24CG2,V43CG1,V43CG2,V100CG1,V100CG2,V118CG1,V118CG2,V119CG1,V275CG1,V278CG1,V278CG2,V340CG1,V340CG2,V348CG1,V348CG2,V365CG1,V365CG2,V386CG1,V386CG2,V389CG1,V389CG2,V446CG1,V446CG2,V535CG2	V100CG1	0	1
P38	V	V340CG1	66	V20CG1,V20CG2,V24CG1,V24CG2,V43CG1,V43CG2,V75CG1,V75CG2,V92CG1,V92CG2,V98CG1,V98CG2,V100CG1,V100CG2,V118CG1,V118CG2,V119CG1,V119CG2,V193CG1,V193CG2,V217CG1,V217CG2,V275CG1,V275CG2,V278CG1,V278CG2,V340CG1,V340CG2,V348CG1,V348CG2,V365CG1,V365CG2,V386CG1,V386CG2,V389CG1,V389CG2,V399CG1,V399CG2,V446CG1,V446CG2,V464CG1,V464CG2,V535CG1,V535CG2,V553CG1,V553CG2,V556CG1,V556CG2,V581CG1,V581CG2,V607CG1,V607CG2,V608CG1,V608CG2,V611CG1,V611CG2,V620CG1,V620CG2,V626CG1,V626CG2,V666CG1,V666CG2,V667CG1,V667CG2,V701CG1,V701CG2	V100CG2	0	1
P39	I	I361CD1	13	I12CD1,I42CD1,I105CD1,I109CD1,I268CD1,I337CD1,I346CD1,I349CD1,I357CD1,I361CD1,I370CD1,I388CD1,I409CD1	I105CD1	0	1
P40	I	I42CD1	13	I12CD1,I42CD1,I105CD1,I109CD1,I268CD1,I337CD1,I346CD1,I349CD1,I357CD1,I361CD1,I370CD1,I388CD1,I409CD1	I109CD1	0	1
P41	L	L85CD1	46	L10CD1,L25CD1,L25CD2,L53CD1,L53CD2,L64CD1,L64CD2,L85CD1,L85CD2,L117CD1,L117CD2,L269CD1,L269CD2,L285CD1,L286CD1,L286CD2,L290CD1,L290CD2,L291CD1,L291CD2,L293CD1,L293CD2,L298CD2,L335CD1,L335CD2,L343CD2,L362CD1,L362CD2,L433CD1,L435CD1,L435CD2,L471CD1,L471CD2,L498CD1,L498CD2,L577CD1,L577CD2,L604CD1,L604CD2,L628CD1,L628CD2,L660CD2,L712CD1,L712CD2,L717CD1,L717CD2	L117CD1	0	1
P42	L	L85CD2	126	L10CD1,L10CD2,L25CD1,L25CD2,L30CD1,L30CD2,L46CD1,L46CD2,L53CD1,L53CD2,L54CD1,L54CD2,L64CD1,L64CD2,L85CD1,L85CD2,L88CD1,L88CD2,L91CD1,L91CD2,L117CD1,L117CD2,L128CD1,L128CD2,L174CD1,L174CD2,L178CD1,L178CD2,L198CD1,L198CD2,L202CD1,L202CD2,L230CD1,L230CD2,L231CD1,L231CD2,L236CD1,L236CD2,L240CD1,L240CD2,L269CD1,L269CD2,L285CD1,L285CD2,L286CD1,L286CD2,L290CD1,L290CD2,L291CD1,L291CD2,L293CD1,L293CD2,L298CD1,L298CD2,L313CD1,L313CD2,L329CD1,L329CD2,L334CD1,L334CD2,L335CD1,L335CD2,L343CD1,L343CD2,L362CD1,L362CD2,L372CD1,L372CD2,L375CD1,L375CD2,L405CD1,L405CD2,L413CD1,L413CD2,L420CD1,L420CD2,L433CD1,L433CD2,L435CD1,L435CD2,L454CD1,L454CD2,L471CD1,L471CD2,L491CD1,L491CD2,L494CD1,L494CD2,L498CD1,L498CD2,L514CD1,L514CD2,L526CD1,L526CD2,L543CD1,L543CD2,L546CD1,L546CD2,L572CD1,L572CD2,L573CD1,L573CD2,L576CD1,L576CD2,L577CD1,L577CD2,L596CD1,L596CD2,L604CD1,L604CD2,L628CD1,L628CD2,L635CD1,L635CD2,L646CD1,L646CD2,L660CD1,L660CD2,L699CD1,L699CD2,L711CD1,L711CD2,L712CD1,L712CD2,L717CD1,L717CD2	L117CD2	0	1
P43	V	V75CG1	28	V20CG1,V75CG1,V75CG2,V100CG1,V100CG2,V118CG1,V118CG2,V119CG2,V275CG2,V278CG1,V278CG2,V340CG2,V348CG1,V348CG2,V399CG1,V399CG2,V446CG1,V446CG2,V464CG1,V464CG2,V535CG1,V581CG1,V581CG2,V608CG1,V608CG2,V620CG1,V666CG2,V667CG1	V118CG1	0	1
P44	V	V75CG2	28	V20CG2,V75CG1,V75CG2,V100CG1,V100CG2,V118CG1,V118CG2,V119CG1,V275CG1,V278CG1,V278CG2,V340CG1,V348CG1,V348CG2,V399CG1,V399CG2,V446CG1,V446CG2,V464CG1,V464CG2,V535CG2,V581CG1,V581CG2,V608CG1,V608CG2,V620CG2,V666CG1,V667CG2	V118CG2	0	1
P45	V	V581CG1	44	V20CG1,V20CG2,V75CG1,V75CG2,V98CG1,V98CG2,V100CG1,V100CG2,V118CG1,V118CG2,V119CG1,V119CG2,V275CG1,V275CG2,V278CG1,V278CG2,V340CG1,V340CG2,V348CG1,V348CG2,V389CG1,V389CG2,V399CG1,V399CG2,V446CG1,V446CG2,V464CG1,V464CG2,V535CG1,V535CG2,V581CG1,V581CG2,V607CG1,V607CG2,V608CG1,V608CG2,V611CG1,V611CG2,V620CG1,V620CG2,V666CG1,V666CG2,V667CG1,V667CG2	V119CG1	0	1
P46	V	V581CG2	66	V20CG1,V20CG2,V24CG1,V24CG2,V43CG1,V43CG2,V75CG1,V75CG2,V92CG1,V92CG2,V98CG1,V98CG2,V100CG1,V100CG2,V118CG1,V118CG2,V119CG1,V119CG2,V193CG1,V193CG2,V217CG1,V217CG2,V275CG1,V275CG2,V278CG1,V278CG2,V340CG1,V340CG2,V348CG1,V348CG2,V365CG1,V365CG2,V386CG1,V386CG2,V389CG1,V389CG2,V399CG1,V399CG2,V446CG1,V446CG2,V464CG1,V464CG2,V535CG1,V535CG2,V553CG1,V553CG2,V556CG1,V556CG2,V581CG1,V581CG2,V607CG1,V607CG2,V608CG1,V608CG2,V611CG1,V611CG2,V620CG1,V620CG2,V626CG1,V626CG2,V666CG1,V666CG2,V667CG1,V667CG2,V701CG1,V701CG2	V119CG2	0	1
P47	L	L576CD2	126	L10CD1,L10CD2,L25CD1,L25CD2,L30CD1,L30CD2,L46CD1,L46CD2,L53CD1,L53CD2,L54CD1,L54CD2,L64CD1,L64CD2,L85CD1,L85CD2,L88CD1,L88CD2,L91CD1,L91CD2,L117CD1,L117CD2,L128CD1,L128CD2,L174CD1,L174CD2,L178CD1,L178CD2,L198CD1,L198CD2,L202CD1,L202CD2,L230CD1,L230CD2,L231CD1,L231CD2,L236CD1,L236CD2,L240CD1,L240CD2,L269CD1,L269CD2,L285CD1,L285CD2,L286CD1,L286CD2,L290CD1,L290CD2,L291CD1,L291CD2,L293CD1,L293CD2,L298CD1,L298CD2,L313CD1,L313CD2,L329CD1,L329CD2,L334CD1,L334CD2,L335CD1,L335CD2,L343CD1,L343CD2,L362CD1,L362CD2,L372CD1,L372CD2,L375CD1,L375CD2,L405CD1,L405CD2,L413CD1,L413CD2,L420CD1,L420CD2,L433CD1,L433CD2,L435CD1,L435CD2,L454CD1,L454CD2,L471CD1,L471CD2,L491CD1,L491CD2,L494CD1,L494CD2,L498CD1,L498CD2,L514CD1,L514CD2,L526CD1,L526CD2,L543CD1,L543CD2,L546CD1,L546CD2,L572CD1,L572CD2,L573CD1,L573CD2,L576CD1,L576CD2,L577CD1,L577CD2,L596CD1,L596CD2,L604CD1,L604CD2,L628CD1,L628CD2,L635CD1,L635CD2,L646CD1,L646CD2,L660CD1,L660CD2,L699CD1,L699CD2,L711CD1,L711CD2,L712CD1,L712CD2,L717CD1,L717CD2	L128CD1	0	1
P48	L	L576CD1	126	L10CD1,L10CD2,L25CD1,L25CD2,L30CD1,L30CD2,L46CD1,L46CD2,L53CD1,L53CD2,L54CD1,L54CD2,L64CD1,L64CD2,L85CD1,L85CD2,L88CD1,L88CD2,L91CD1,L91CD2,L117CD1,L117CD2,L128CD1,L128CD2,L174CD1,L174CD2,L178CD1,L178CD2,L198CD1,L198CD2,L202CD1,L202CD2,L230CD1,L230CD2,L231CD1,L231CD2,L236CD1,L236CD2,L240CD1,L240CD2,L269CD1,L269CD2,L285CD1,L285CD2,L286CD1,L286CD2,L290CD1,L290CD2,L291CD1,L291CD2,L293CD1,L293CD2,L298CD1,L298CD2,L313CD1,L313CD2,L329CD1,L329CD2,L334CD1,L334CD2,L335CD1,L335CD2,L343CD1,L343CD2,L362CD1,L362CD2,L372CD1,L372CD2,L375CD1,L375CD2,L405CD1,L405CD2,L413CD1,L413CD2,L420CD1,L420CD2,L433CD1,L433CD2,L435CD1,L435CD2,L454CD1,L454CD2,L471CD1,L471CD2,L491CD1,L491CD2,L494CD1,L494CD2,L498CD1,L498CD2,L514CD1,L514CD2,L526CD1,L526CD2,L543CD1,L543CD2,L546CD1,L546CD2,L572CD1,L572CD2,L573CD1,L573CD2,L576CD1,L576CD2,L577CD1,L577CD2,L596CD1,L596CD2,L604CD1,L604CD2,L628CD1,L628CD2,L635CD1,L635CD2,L646CD1,L646CD2,L660CD1,L660CD2,L699CD1,L699CD2,L711CD1,L711CD2,L712CD1,L712CD2,L717CD1,L717CD2	L128CD2	0	1
P49	L	L138CD1	2	L138CD1,L138CD2	L138CD1	1	1
P50	L	L138CD2	2	L138CD1,L138CD2	L138CD2	1	1
P51	L	L142CD1	2	L142CD1,L142CD2	L142CD1	1	1
P52	L	L142CD2	2	L142CD1,L142CD2	L142CD2	1	1
P53	I	I147CD1	1	I147CD1	I147CD1	1	1
P54	I	I148CD1	1	I148CD1	I148CD1	1	1
P55	V	V166CG1	2	V166CG1,V166CG2	V166CG1	1	1
P56	V	V166CG2	2	V166CG1,V166CG2	V166CG2	1	1
P57	I	I167CD1	1	I167CD1	I167CD1	1	1
P58	V	V170CG1	4	V170CG1,V170CG2,V259CG1,V259CG2	V170CG1	1	1
P59	V	V170CG2	4	V170CG1,V170CG2,V259CG1,V259CG2	V170CG2	1	1
P60	L	L174CD1	3	L174CD1,L174CD2,L240CD2	L174CD1	1	1
P61	L	L178CD1	12	L174CD1,L174CD2,L178CD1,L178CD2,L198CD2,L230CD1,L231CD1,L231CD2,L240CD1,L240CD2,L546CD1,L546CD2	L178CD1	1	1
P62	L	L178CD2	9	L174CD1,L174CD2,L178CD1,L178CD2,L198CD2,L231CD1,L231CD2,L240CD1,L240CD2	L178CD2	1	1
P63	L	L180CD1	2	L180CD1,L180CD2	L180CD1	1	1
P64	L	L180CD2	2	L180CD1,L180CD2	L180CD2	1	1
P65	V	V188CG1	2	V188CG1,V188CG2	V188CG1	1	1
P66	V	V188CG2	2	V188CG1,V188CG2	V188CG2	1	1
P67	V	V189CG1	2	V189CG1,V189CG2	V189CG1	1	1
P68	V	V189CG2	2	V189CG1,V189CG2	V189CG2	1	1
P69	V	V193CG1	66	V20CG1,V20CG2,V24CG1,V24CG2,V43CG1,V43CG2,V75CG1,V75CG2,V92CG1,V92CG2,V98CG1,V98CG2,V100CG1,V100CG2,V118CG1,V118CG2,V119CG1,V119CG2,V193CG1,V193CG2,V217CG1,V217CG2,V275CG1,V275CG2,V278CG1,V278CG2,V340CG1,V340CG2,V348CG1,V348CG2,V365CG1,V365CG2,V386CG1,V386CG2,V389CG1,V389CG2,V399CG1,V399CG2,V446CG1,V446CG2,V464CG1,V464CG2,V535CG1,V535CG2,V553CG1,V553CG2,V556CG1,V556CG2,V581CG1,V581CG2,V607CG1,V607CG2,V608CG1,V608CG2,V611CG1,V611CG2,V620CG1,V620CG2,V626CG1,V626CG2,V666CG1,V666CG2,V667CG1,V667CG2,V701CG1,V701CG2	V193CG1	1	1
P70	V	V193CG2	2	V193CG1,V193CG2	V193CG2	1	1
P71	L	L198CD1	5	L198CD1,L198CD2,L231CD1,L231CD2,L240CD1	L198CD1	1	1
P72	L	L198CD2	5	L198CD1,L198CD2,L231CD1,L231CD2,L240CD1	L198CD2	1	1
P73	I	I200CD1	1	I200CD1	I200CD1	1	1
P74	L	L202CD1	12	L174CD1,L174CD2,L178CD1,L178CD2,L198CD1,L198CD2,L202CD1,L202CD2,L231CD1,L231CD2,L240CD1,L240CD2	L202CD1	1	1
P75	L	L202CD2	2	L202CD1,L202CD2	L202CD2	1	1
P76	L	L210CD1	2	L210CD1,L210CD2	L210CD1	1	1
P77	L	L210CD2	2	L210CD1,L210CD2	L210CD2	1	1
P78	V	V389CG1	66	V20CG1,V20CG2,V24CG1,V24CG2,V43CG1,V43CG2,V75CG1,V75CG2,V92CG1,V92CG2,V98CG1,V98CG2,V100CG1,V100CG2,V118CG1,V118CG2,V119CG1,V119CG2,V193CG1,V193CG2,V217CG1,V217CG2,V275CG1,V275CG2,V278CG1,V278CG2,V340CG1,V340CG2,V348CG1,V348CG2,V365CG1,V365CG2,V386CG1,V386CG2,V389CG1,V389CG2,V399CG1,V399CG2,V446CG1,V446CG2,V464CG1,V464CG2,V535CG1,V535CG2,V553CG1,V553CG2,V556CG1,V556CG2,V581CG1,V581CG2,V607CG1,V607CG2,V608CG1,V608CG2,V611CG1,V611CG2,V620CG1,V620CG2,V626CG1,V626CG2,V666CG1,V666CG2,V667CG1,V667CG2,V701CG1,V701CG2	V217CG1	0	1
P79	V	V389CG2	66	V20CG1,V20CG2,V24CG1,V24CG2,V43CG1,V43CG2,V75CG1,V75CG2,V92CG1,V92CG2,V98CG1,V98CG2,V100CG1,V100CG2,V118CG1,V118CG2,V119CG1,V119CG2,V193CG1,V193CG2,V217CG1,V217CG2,V275CG1,V275CG2,V278CG1,V278CG2,V340CG1,V340CG2,V348CG1,V348CG2,V365CG1,V365CG2,V386CG1,V386CG2,V389CG1,V389CG2,V399CG1,V399CG2,V446CG1,V446CG2,V464CG1,V464CG2,V535CG1,V535CG2,V553CG1,V553CG2,V556CG1,V556CG2,V581CG1,V581CG2,V607CG1,V607CG2,V608CG1,V608CG2,V611CG1,V611CG2,V620CG1,V620CG2,V626CG1,V626CG2,V666CG1,V666CG2,V667CG1,V667CG2,V701CG1,V701CG2	V217CG2	0	1
P80	I	I229CD1	1	I229CD1	I229CD1	1	1
P81	L	L30CD2	126	L10CD1,L10CD2,L25CD1,L25CD2,L30CD1,L30CD2,L46CD1,L46CD2,L53CD1,L53CD2,L54CD1,L54CD2,L64CD1,L64CD2,L85CD1,L85CD2,L88CD1,L88CD2,L91CD1,L91CD2,L117CD1,L117CD2,L128CD1,L128CD2,L174CD1,L174CD2,L178CD1,L178CD2,L198CD1,L198CD2,L202CD1,L202CD2,L230CD1,L230CD2,L231CD1,L231CD2,L236CD1,L236CD2,L240CD1,L240CD2,L269CD1,L269CD2,L285CD1,L285CD2,L286CD1,L286CD2,L290CD1,L290CD2,L291CD1,L291CD2,L293CD1,L293CD2,L298CD1,L298CD2,L313CD1,L313CD2,L329CD1,L329CD2,L334CD1,L334CD2,L335CD1,L335CD2,L343CD1,L343CD2,L362CD1,L362CD2,L372CD1,L372CD2,L375CD1,L375CD2,L405CD1,L405CD2,L413CD1,L413CD2,L420CD1,L420CD2,L433CD1,L433CD2,L435CD1,L435CD2,L454CD1,L454CD2,L471CD1,L471CD2,L491CD1,L491CD2,L494CD1,L494CD2,L498CD1,L498CD2,L514CD1,L514CD2,L526CD1,L526CD2,L543CD1,L543CD2,L546CD1,L546CD2,L572CD1,L572CD2,L573CD1,L573CD2,L576CD1,L576CD2,L577CD1,L577CD2,L596CD1,L596CD2,L604CD1,L604CD2,L628CD1,L628CD2,L635CD1,L635CD2,L646CD1,L646CD2,L660CD1,L660CD2,L699CD1,L699CD2,L711CD1,L711CD2,L712CD1,L712CD2,L717CD1,L717CD2	L230CD1	0	1
P82	L	L30CD1	126	L10CD1,L10CD2,L25CD1,L25CD2,L30CD1,L30CD2,L46CD1,L46CD2,L53CD1,L53CD2,L54CD1,L54CD2,L64CD1,L64CD2,L85CD1,L85CD2,L88CD1,L88CD2,L91CD1,L91CD2,L117CD1,L117CD2,L128CD1,L128CD2,L174CD1,L174CD2,L178CD1,L178CD2,L198CD1,L198CD2,L202CD1,L202CD2,L230CD1,L230CD2,L231CD1,L231CD2,L236CD1,L236CD2,L240CD1,L240CD2,L269CD1,L269CD2,L285CD1,L285CD2,L286CD1,L286CD2,L290CD1,L290CD2,L291CD1,L291CD2,L293CD1,L293CD2,L298CD1,L298CD2,L313CD1,L313CD2,L329CD1,L329CD2,L334CD1,L334CD2,L335CD1,L335CD2,L343CD1,L343CD2,L362CD1,L362CD2,L372CD1,L372CD2,L375CD1,L375CD2,L405CD1,L405CD2,L413CD1,L413CD2,L420CD1,L420CD2,L433CD1,L433CD2,L435CD1,L435CD2,L454CD1,L454CD2,L471CD1,L471CD2,L491CD1,L491CD2,L494CD1,L494CD2,L498CD1,L498CD2,L514CD1,L514CD2,L526CD1,L526CD2,L543CD1,L543CD2,L546CD1,L546CD2,L572CD1,L572CD2,L573CD1,L573CD2,L576CD1,L576CD2,L577CD1,L577CD2,L596CD1,L596CD2,L604CD1,L604CD2,L628CD1,L628CD2,L635CD1,L635CD2,L646CD1,L646CD2,L660CD1,L660CD2,L699CD1,L699CD2,L711CD1,L711CD2,L712CD1,L712CD2,L717CD1,L717CD2	L230CD2	0	1
P83	L	L231CD1	9	L174CD1,L174CD2,L178CD1,L178CD2,L198CD2,L231CD1,L231CD2,L240CD1,L240CD2	L231CD1	1	1
P84	L	L231CD2	5	L198CD1,L198CD2,L231CD1,L231CD2,L240CD1	L231CD2	1	1
P85	L	L454CD1	60	L10CD1,L10CD2,L25CD1,L25CD2,L46CD1,L46CD2,L53CD1,L53CD2,L54CD1,L64CD1,L64CD2,L85CD2,L88CD1,L88CD2,L117CD1,L230CD1,L230CD2,L236CD1,L236CD2,L269CD1,L269CD2,L285CD1,L285CD2,L286CD1,L286CD2,L290CD1,L290CD2,L291CD1,L291CD2,L293CD1,L293CD2,L329CD1,L329CD2,L334CD1,L334CD2,L335CD1,L335CD2,L362CD1,L362CD2,L372CD1,L405CD1,L405CD2,L413CD1,L413CD2,L420CD1,L420CD2,L454CD1,L454CD2,L471CD1,L471CD2,L491CD1,L491CD2,L494CD1,L494CD2,L498CD2,L576CD2,L577CD2,L635CD1,L717CD1,L717CD2	L236CD1	0	1
P86	L	L454CD2	60	L10CD1,L10CD2,L25CD1,L25CD2,L46CD1,L46CD2,L53CD1,L53CD2,L54CD1,L64CD1,L64CD2,L85CD2,L88CD1,L88CD2,L117CD1,L230CD1,L230CD2,L236CD1,L236CD2,L269CD1,L269CD2,L285CD1,L285CD2,L286CD1,L286CD2,L290CD1,L290CD2,L291CD1,L291CD2,L293CD1,L293CD2,L329CD1,L329CD2,L334CD1,L334CD2,L335CD1,L335CD2,L362CD1,L362CD2,L372CD1,L405CD1,L405CD2,L413CD1,L413CD2,L420CD1,L420CD2,L454CD1,L454CD2,L471CD1,L471CD2,L491CD1,L491CD2,L494CD1,L494CD2,L498CD2,L576CD2,L577CD2,L635CD1,L717CD1,L717CD2	L236CD2	0	1
P87	I	I238CD1	2	I238CD1,I260CD1	I238CD1	1	1
P88	L	L240CD1	3	L231CD1,L240CD1,L240CD2	L240CD1	1	1
P89	L	L240CD2	3	L231CD1,L240CD1,L240CD2	L240CD2	1	1
P90	I	I242CD1	2	I242CD1,I256CD1	I242CD1	1	1
P91	I	I248CD1	1	I248CD1	I248CD1	1	1
P92	I	I256CD1	2	I242CD1,I256CD1	I256CD1	1	1
P93	V	V259CG1	6	V170CG1,V170CG2,V259CG1,V259CG2,V261CG1,V261CG2	V259CG1	1	1
P94	V	V259CG2	2	V259CG1,V259CG2	V259CG2	1	1
P95	I	I260CD1	2	I238CD1,I260CD1	I260CD1	1	1
P96	V	V261CG1	6	V170CG1,V170CG2,V259CG1,V259CG2,V261CG1,V261CG2	V261CG1	1	1
P97	V	V261CG2	6	V170CG1,V170CG2,V259CG1,V259CG2,V261CG1,V261CG2	V261CG2	1	1
P98	I	I637CD1	21	I12CD1,I42CD1,I60CD1,I105CD1,I109CD1,I265CD1,I268CD1,I284CD1,I327CD1,I337CD1,I346CD1,I349CD1,I357CD1,I361CD1,I370CD1,I388CD1,I409CD1,I482CD1,I560CD1,I579CD1,I637CD1	I265CD1	0	1
P99	I	I579CD1	14	I12CD1,I105CD1,I109CD1,I268CD1,I284CD1,I337CD1,I346CD1,I349CD1,I357CD1,I370CD1,I424CD1,I579CD1,I615CD1,I623CD1	I268CD1	0	1
P100	L	L628CD2	126	L10CD1,L10CD2,L25CD1,L25CD2,L30CD1,L30CD2,L46CD1,L46CD2,L53CD1,L53CD2,L54CD1,L54CD2,L64CD1,L64CD2,L85CD1,L85CD2,L88CD1,L88CD2,L91CD1,L91CD2,L117CD1,L117CD2,L128CD1,L128CD2,L174CD1,L174CD2,L178CD1,L178CD2,L198CD1,L198CD2,L202CD1,L202CD2,L230CD1,L230CD2,L231CD1,L231CD2,L236CD1,L236CD2,L240CD1,L240CD2,L269CD1,L269CD2,L285CD1,L285CD2,L286CD1,L286CD2,L290CD1,L290CD2,L291CD1,L291CD2,L293CD1,L293CD2,L298CD1,L298CD2,L313CD1,L313CD2,L329CD1,L329CD2,L334CD1,L334CD2,L335CD1,L335CD2,L343CD1,L343CD2,L362CD1,L362CD2,L372CD1,L372CD2,L375CD1,L375CD2,L405CD1,L405CD2,L413CD1,L413CD2,L420CD1,L420CD2,L433CD1,L433CD2,L435CD1,L435CD2,L454CD1,L454CD2,L471CD1,L471CD2,L491CD1,L491CD2,L494CD1,L494CD2,L498CD1,L498CD2,L514CD1,L514CD2,L526CD1,L526CD2,L543CD1,L543CD2,L546CD1,L546CD2,L572CD1,L572CD2,L573CD1,L573CD2,L576CD1,L576CD2,L577CD1,L577CD2,L596CD1,L596CD2,L604CD1,L604CD2,L628CD1,L628CD2,L635CD1,L635CD2,L646CD1,L646CD2,L660CD1,L660CD2,L699CD1,L699CD2,L711CD1,L711CD2,L712CD1,L712CD2,L717CD1,L717CD2	L269CD1	0	1
P101	L	L628CD1	126	L10CD1,L10CD2,L25CD1,L25CD2,L30CD1,L30CD2,L46CD1,L46CD2,L53CD1,L53CD2,L54CD1,L54CD2,L64CD1,L64CD2,L85CD1,L85CD2,L88CD1,L88CD2,L91CD1,L91CD2,L117CD1,L117CD2,L128CD1,L128CD2,L174CD1,L174CD2,L178CD1,L178CD2,L198CD1,L198CD2,L202CD1,L202CD2,L230CD1,L230CD2,L231CD1,L231CD2,L236CD1,L236CD2,L240CD1,L240CD2,L269CD1,L269CD2,L285CD1,L285CD2,L286CD1,L286CD2,L290CD1,L290CD2,L291CD1,L291CD2,L293CD1,L293CD2,L298CD1,L298CD2,L313CD1,L313CD2,L329CD1,L329CD2,L334CD1,L334CD2,L335CD1,L335CD2,L343CD1,L343CD2,L362CD1,L362CD2,L372CD1,L372CD2,L375CD1,L375CD2,L405CD1,L405CD2,L413CD1,L413CD2,L420CD1,L420CD2,L433CD1,L433CD2,L435CD1,L435CD2,L454CD1,L454CD2,L471CD1,L471CD2,L491CD1,L491CD2,L494CD1,L494CD2,L498CD1,L498CD2,L514CD1,L514CD2,L526CD1,L526CD2,L543CD1,L543CD2,L546CD1,L546CD2,L572CD1,L572CD2,L573CD1,L573CD2,L576CD1,L576CD2,L577CD1,L577CD2,L596CD1,L596CD2,L604CD1,L604CD2,L628CD1,L628CD2,L635CD1,L635CD2,L646CD1,L646CD2,L660CD1,L660CD2,L699CD1,L699CD2,L711CD1,L711CD2,L712CD1,L712CD2,L717CD1,L717CD2	L269CD2	0	1
P102	V	V386CG1	16	V20CG2,V24CG1,V43CG1,V43CG2,V119CG1,V119CG2,V275CG1,V275CG2,V340CG1,V340CG2,V348CG1,V348CG2,V365CG1,V365CG2,V386CG1,V386CG2	V275CG1	0	1
P103	V	V386CG2	16	V20CG2,V24CG1,V43CG1,V43CG2,V119CG1,V119CG2,V275CG1,V275CG2,V340CG1,V340CG2,V348CG1,V348CG2,V365CG1,V365CG2,V386CG1,V386CG2	V275CG2	0	1
P104	V	V701CG1	49	V20CG1,V20CG2,V24CG1,V24CG2,V43CG1,V43CG2,V75CG1,V75CG2,V92CG1,V92CG2,V118CG1,V118CG2,V119CG1,V119CG2,V217CG1,V217CG2,V275CG1,V275CG2,V278CG1,V278CG2,V340CG1,V340CG2,V348CG1,V348CG2,V365CG1,V365CG2,V386CG1,V386CG2,V399CG1,V464CG1,V464CG2,V535CG1,V535CG2,V553CG1,V553CG2,V581CG1,V581CG2,V607CG1,V607CG2,V608CG1,V608CG2,V611CG1,V611CG2,V620CG1,V620CG2,V626CG1,V626CG2,V701CG1,V701CG2	V278CG1	0	1
P105	V	V701CG2	49	V20CG1,V20CG2,V24CG1,V24CG2,V43CG1,V43CG2,V75CG1,V75CG2,V92CG1,V92CG2,V118CG1,V118CG2,V119CG1,V119CG2,V217CG1,V217CG2,V275CG1,V275CG2,V278CG1,V278CG2,V340CG1,V340CG2,V348CG1,V348CG2,V365CG1,V365CG2,V386CG1,V386CG2,V399CG2,V464CG1,V464CG2,V535CG1,V535CG2,V553CG1,V553CG2,V581CG1,V581CG2,V607CG1,V607CG2,V608CG1,V608CG2,V611CG1,V611CG2,V620CG1,V620CG2,V626CG1,V626CG2,V701CG1,V701CG2	V278CG2	0	1
P106	I	I284CD1	6	I42CD1,I284CD1,I349CD1,I357CD1,I361CD1,I370CD1	I284CD1	1	1
P107	L	L285CD1	126	L10CD1,L10CD2,L25CD1,L25CD2,L30CD1,L30CD2,L46CD1,L46CD2,L53CD1,L53CD2,L54CD1,L54CD2,L64CD1,L64CD2,L85CD1,L85CD2,L88CD1,L88CD2,L91CD1,L91CD2,L117CD1,L117CD2,L128CD1,L128CD2,L174CD1,L174CD2,L178CD1,L178CD2,L198CD1,L198CD2,L202CD1,L202CD2,L230CD1,L230CD2,L231CD1,L231CD2,L236CD1,L236CD2,L240CD1,L240CD2,L269CD1,L269CD2,L285CD1,L285CD2,L286CD1,L286CD2,L290CD1,L290CD2,L291CD1,L291CD2,L293CD1,L293CD2,L298CD1,L298CD2,L313CD1,L313CD2,L329CD1,L329CD2,L334CD1,L334CD2,L335CD1,L335CD2,L343CD1,L343CD2,L362CD1,L362CD2,L372CD1,L372CD2,L375CD1,L375CD2,L405CD1,L405CD2,L413CD1,L413CD2,L420CD1,L420CD2,L433CD1,L433CD2,L435CD1,L435CD2,L454CD1,L454CD2,L471CD1,L471CD2,L491CD1,L491CD2,L494CD1,L494CD2,L498CD1,L498CD2,L514CD1,L514CD2,L526CD1,L526CD2,L543CD1,L543CD2,L546CD1,L546CD2,L572CD1,L572CD2,L573CD1,L573CD2,L576CD1,L576CD2,L577CD1,L577CD2,L596CD1,L596CD2,L604CD1,L604CD2,L628CD1,L628CD2,L635CD1,L635CD2,L646CD1,L646CD2,L660CD1,L660CD2,L699CD1,L699CD2,L711CD1,L711CD2,L712CD1,L712CD2,L717CD1,L717CD2	L285CD1	1	1
P108	L	L285CD2	23	L10CD1,L10CD2,L25CD2,L46CD1,L46CD2,L53CD1,L54CD1,L269CD1,L285CD1,L285CD2,L286CD2,L290CD1,L290CD2,L291CD1,L291CD2,L362CD1,L362CD2,L372CD1,L405CD1,L405CD2,L413CD1,L413CD2,L420CD1	L285CD2	1	1
P109	L	L420CD2	11	L10CD1,L10CD2,L269CD2,L286CD1,L290CD1,L290CD2,L362CD1,L362CD2,L413CD2,L420CD1,L420CD2	L286CD1	0	1
P110	L	L413CD1	11	L10CD1,L10CD2,L269CD1,L286CD2,L290CD1,L290CD2,L362CD1,L362CD2,L413CD1,L420CD1,L420CD2	L286CD2	0	1
P111	L	L577CD1	126	L10CD1,L10CD2,L25CD1,L25CD2,L30CD1,L30CD2,L46CD1,L46CD2,L53CD1,L53CD2,L54CD1,L54CD2,L64CD1,L64CD2,L85CD1,L85CD2,L88CD1,L88CD2,L91CD1,L91CD2,L117CD1,L117CD2,L128CD1,L128CD2,L174CD1,L174CD2,L178CD1,L178CD2,L198CD1,L198CD2,L202CD1,L202CD2,L230CD1,L230CD2,L231CD1,L231CD2,L236CD1,L236CD2,L240CD1,L240CD2,L269CD1,L269CD2,L285CD1,L285CD2,L286CD1,L286CD2,L290CD1,L290CD2,L291CD1,L291CD2,L293CD1,L293CD2,L298CD1,L298CD2,L313CD1,L313CD2,L329CD1,L329CD2,L334CD1,L334CD2,L335CD1,L335CD2,L343CD1,L343CD2,L362CD1,L362CD2,L372CD1,L372CD2,L375CD1,L375CD2,L405CD1,L405CD2,L413CD1,L413CD2,L420CD1,L420CD2,L433CD1,L433CD2,L435CD1,L435CD2,L454CD1,L454CD2,L471CD1,L471CD2,L491CD1,L491CD2,L494CD1,L494CD2,L498CD1,L498CD2,L514CD1,L514CD2,L526CD1,L526CD2,L543CD1,L543CD2,L546CD1,L546CD2,L572CD1,L572CD2,L573CD1,L573CD2,L576CD1,L576CD2,L577CD1,L577CD2,L596CD1,L596CD2,L604CD1,L604CD2,L628CD1,L628CD2,L635CD1,L635CD2,L646CD1,L646CD2,L660CD1,L660CD2,L699CD1,L699CD2,L711CD1,L711CD2,L712CD1,L712CD2,L717CD1,L717CD2	L291CD1	0	1
P112	L	L577CD2	126	L10CD1,L10CD2,L25CD1,L25CD2,L30CD1,L30CD2,L46CD1,L46CD2,L53CD1,L53CD2,L54CD1,L54CD2,L64CD1,L64CD2,L85CD1,L85CD2,L88CD1,L88CD2,L91CD1,L91CD2,L117CD1,L117CD2,L128CD1,L128CD2,L174CD1,L174CD2,L178CD1,L178CD2,L198CD1,L198CD2,L202CD1,L202CD2,L230CD1,L230CD2,L231CD1,L231CD2,L236CD1,L236CD2,L240CD1,L240CD2,L269CD1,L269CD2,L285CD1,L285CD2,L286CD1,L286CD2,L290CD1,L290CD2,L291CD1,L291CD2,L293CD1,L293CD2,L298CD1,L298CD2,L313CD1,L313CD2,L329CD1,L329CD2,L334CD1,L334CD2,L335CD1,L335CD2,L343CD1,L343CD2,L362CD1,L362CD2,L372CD1,L372CD2,L375CD1,L375CD2,L405CD1,L405CD2,L413CD1,L413CD2,L420CD1,L420CD2,L433CD1,L433CD2,L435CD1,L435CD2,L454CD1,L454CD2,L471CD1,L471CD2,L491CD1,L491CD2,L494CD1,L494CD2,L498CD1,L498CD2,L514CD1,L514CD2,L526CD1,L526CD2,L543CD1,L543CD2,L546CD1,L546CD2,L572CD1,L572CD2,L573CD1,L573CD2,L576CD1,L576CD2,L577CD1,L577CD2,L596CD1,L596CD2,L604CD1,L604CD2,L628CD1,L628CD2,L635CD1,L635CD2,L646CD1,L646CD2,L660CD1,L660CD2,L699CD1,L699CD2,L711CD1,L711CD2,L712CD1,L712CD2,L717CD1,L717CD2	L291CD2	0	1
P113	L	L91CD1	126	L10CD1,L10CD2,L25CD1,L25CD2,L30CD1,L30CD2,L46CD1,L46CD2,L53CD1,L53CD2,L54CD1,L54CD2,L64CD1,L64CD2,L85CD1,L85CD2,L88CD1,L88CD2,L91CD1,L91CD2,L117CD1,L117CD2,L128CD1,L128CD2,L174CD1,L174CD2,L178CD1,L178CD2,L198CD1,L198CD2,L202CD1,L202CD2,L230CD1,L230CD2,L231CD1,L231CD2,L236CD1,L236CD2,L240CD1,L240CD2,L269CD1,L269CD2,L285CD1,L285CD2,L286CD1,L286CD2,L290CD1,L290CD2,L291CD1,L291CD2,L293CD1,L293CD2,L298CD1,L298CD2,L313CD1,L313CD2,L329CD1,L329CD2,L334CD1,L334CD2,L335CD1,L335CD2,L343CD1,L343CD2,L362CD1,L362CD2,L372CD1,L372CD2,L375CD1,L375CD2,L405CD1,L405CD2,L413CD1,L413CD2,L420CD1,L420CD2,L433CD1,L433CD2,L435CD1,L435CD2,L454CD1,L454CD2,L471CD1,L471CD2,L491CD1,L491CD2,L494CD1,L494CD2,L498CD1,L498CD2,L514CD1,L514CD2,L526CD1,L526CD2,L543CD1,L543CD2,L546CD1,L546CD2,L572CD1,L572CD2,L573CD1,L573CD2,L576CD1,L576CD2,L577CD1,L577CD2,L596CD1,L596CD2,L604CD1,L604CD2,L628CD1,L628CD2,L635CD1,L635CD2,L646CD1,L646CD2,L660CD1,L660CD2,L699CD1,L699CD2,L711CD1,L711CD2,L712CD1,L712CD2,L717CD1,L717CD2	L293CD1	0	1
P114	L	L91CD2	126	L10CD1,L10CD2,L25CD1,L25CD2,L30CD1,L30CD2,L46CD1,L46CD2,L53CD1,L53CD2,L54CD1,L54CD2,L64CD1,L64CD2,L85CD1,L85CD2,L88CD1,L88CD2,L91CD1,L91CD2,L117CD1,L117CD2,L128CD1,L128CD2,L174CD1,L174CD2,L178CD1,L178CD2,L198CD1,L198CD2,L202CD1,L202CD2,L230CD1,L230CD2,L231CD1,L231CD2,L236CD1,L236CD2,L240CD1,L240CD2,L269CD1,L269CD2,L285CD1,L285CD2,L286CD1,L286CD2,L290CD1,L290CD2,L291CD1,L291CD2,L293CD1,L293CD2,L298CD1,L298CD2,L313CD1,L313CD2,L329CD1,L329CD2,L334CD1,L334CD2,L335CD1,L335CD2,L343CD1,L343CD2,L362CD1,L362CD2,L372CD1,L372CD2,L375CD1,L375CD2,L405CD1,L405CD2,L413CD1,L413CD2,L420CD1,L420CD2,L433CD1,L433CD2,L435CD1,L435CD2,L454CD1,L454CD2,L471CD1,L471CD2,L491CD1,L491CD2,L494CD1,L494CD2,L498CD1,L498CD2,L514CD1,L514CD2,L526CD1,L526CD2,L543CD1,L543CD2,L546CD1,L546CD2,L572CD1,L572CD2,L573CD1,L573CD2,L576CD1,L576CD2,L577CD1,L577CD2,L596CD1,L596CD2,L604CD1,L604CD2,L628CD1,L628CD2,L635CD1,L635CD2,L646CD1,L646CD2,L660CD1,L660CD2,L699CD1,L699CD2,L711CD1,L711CD2,L712CD1,L712CD2,L717CD1,L717CD2	L293CD2	0	1
P115	L	L573CD2	126	L10CD1,L10CD2,L25CD1,L25CD2,L30CD1,L30CD2,L46CD1,L46CD2,L53CD1,L53CD2,L54CD1,L54CD2,L64CD1,L64CD2,L85CD1,L85CD2,L88CD1,L88CD2,L91CD1,L91CD2,L117CD1,L117CD2,L128CD1,L128CD2,L174CD1,L174CD2,L178CD1,L178CD2,L198CD1,L198CD2,L202CD1,L202CD2,L230CD1,L230CD2,L231CD1,L231CD2,L236CD1,L236CD2,L240CD1,L240CD2,L269CD1,L269CD2,L285CD1,L285CD2,L286CD1,L286CD2,L290CD1,L290CD2,L291CD1,L291CD2,L293CD1,L293CD2,L298CD1,L298CD2,L313CD1,L313CD2,L329CD1,L329CD2,L334CD1,L334CD2,L335CD1,L335CD2,L343CD1,L343CD2,L362CD1,L362CD2,L372CD1,L372CD2,L375CD1,L375CD2,L405CD1,L405CD2,L413CD1,L413CD2,L420CD1,L420CD2,L433CD1,L433CD2,L435CD1,L435CD2,L454CD1,L454CD2,L471CD1,L471CD2,L491CD1,L491CD2,L494CD1,L494CD2,L498CD1,L498CD2,L514CD1,L514CD2,L526CD1,L526CD2,L543CD1,L543CD2,L546CD1,L546CD2,L572CD1,L572CD2,L573CD1,L573CD2,L576CD1,L576CD2,L577CD1,L577CD2,L596CD1,L596CD2,L604CD1,L604CD2,L628CD1,L628CD2,L635CD1,L635CD2,L646CD1,L646CD2,L660CD1,L660CD2,L699CD1,L699CD2,L711CD1,L711CD2,L712CD1,L712CD2,L717CD1,L717CD2	L298CD1	0	1
P116	L	L573CD1	126	L10CD1,L10CD2,L25CD1,L25CD2,L30CD1,L30CD2,L46CD1,L46CD2,L53CD1,L53CD2,L54CD1,L54CD2,L64CD1,L64CD2,L85CD1,L85CD2,L88CD1,L88CD2,L91CD1,L91CD2,L117CD1,L117CD2,L128CD1,L128CD2,L174CD1,L174CD2,L178CD1,L178CD2,L198CD1,L198CD2,L202CD1,L202CD2,L230CD1,L230CD2,L231CD1,L231CD2,L236CD1,L236CD2,L240CD1,L240CD2,L269CD1,L269CD2,L285CD1,L285CD2,L286CD1,L286CD2,L290CD1,L290CD2,L291CD1,L291CD2,L293CD1,L293CD2,L298CD1,L298CD2,L313CD1,L313CD2,L329CD1,L329CD2,L334CD1,L334CD2,L335CD1,L335CD2,L343CD1,L343CD2,L362CD1,L362CD2,L372CD1,L372CD2,L375CD1,L375CD2,L405CD1,L405CD2,L413CD1,L413CD2,L420CD1,L420CD2,L433CD1,L433CD2,L435CD1,L435CD2,L454CD1,L454CD2,L471CD1,L471CD2,L491CD1,L491CD2,L494CD1,L494CD2,L498CD1,L498CD2,L514CD1,L514CD2,L526CD1,L526CD2,L543CD1,L543CD2,L546CD1,L546CD2,L572CD1,L572CD2,L573CD1,L573CD2,L576CD1,L576CD2,L577CD1,L577CD2,L596CD1,L596CD2,L604CD1,L604CD2,L628CD1,L628CD2,L635CD1,L635CD2,L646CD1,L646CD2,L660CD1,L660CD2,L699CD1,L699CD2,L711CD1,L711CD2,L712CD1,L712CD2,L717CD1,L717CD2	L298CD2	0	1
P117	L	L54CD2	126	L10CD1,L10CD2,L25CD1,L25CD2,L30CD1,L30CD2,L46CD1,L46CD2,L53CD1,L53CD2,L54CD1,L54CD2,L64CD1,L64CD2,L85CD1,L85CD2,L88CD1,L88CD2,L91CD1,L91CD2,L117CD1,L117CD2,L128CD1,L128CD2,L174CD1,L174CD2,L178CD1,L178CD2,L198CD1,L198CD2,L202CD1,L202CD2,L230CD1,L230CD2,L231CD1,L231CD2,L236CD1,L236CD2,L240CD1,L240CD2,L269CD1,L269CD2,L285CD1,L285CD2,L286CD1,L286CD2,L290CD1,L290CD2,L291CD1,L291CD2,L293CD1,L293CD2,L298CD1,L298CD2,L313CD1,L313CD2,L329CD1,L329CD2,L334CD1,L334CD2,L335CD1,L335CD2,L343CD1,L343CD2,L362CD1,L362CD2,L372CD1,L372CD2,L375CD1,L375CD2,L405CD1,L405CD2,L413CD1,L413CD2,L420CD1,L420CD2,L433CD1,L433CD2,L435CD1,L435CD2,L454CD1,L454CD2,L471CD1,L471CD2,L491CD1,L491CD2,L494CD1,L494CD2,L498CD1,L498CD2,L514CD1,L514CD2,L526CD1,L526CD2,L543CD1,L543CD2,L546CD1,L546CD2,L572CD1,L572CD2,L573CD1,L573CD2,L576CD1,L576CD2,L577CD1,L577CD2,L596CD1,L596CD2,L604CD1,L604CD2,L628CD1,L628CD2,L635CD1,L635CD2,L646CD1,L646CD2,L660CD1,L660CD2,L699CD1,L699CD2,L711CD1,L711CD2,L712CD1,L712CD2,L717CD1,L717CD2	L313CD1	0	1
P118	L	L54CD1	126	L10CD1,L10CD2,L25CD1,L25CD2,L30CD1,L30CD2,L46CD1,L46CD2,L53CD1,L53CD2,L54CD1,L54CD2,L64CD1,L64CD2,L85CD1,L85CD2,L88CD1,L88CD2,L91CD1,L91CD2,L117CD1,L117CD2,L128CD1,L128CD2,L174CD1,L174CD2,L178CD1,L178CD2,L198CD1,L198CD2,L202CD1,L202CD2,L230CD1,L230CD2,L231CD1,L231CD2,L236CD1,L236CD2,L240CD1,L240CD2,L269CD1,L269CD2,L285CD1,L285CD2,L286CD1,L286CD2,L290CD1,L290CD2,L291CD1,L291CD2,L293CD1,L293CD2,L298CD1,L298CD2,L313CD1,L313CD2,L329CD1,L329CD2,L334CD1,L334CD2,L335CD1,L335CD2,L343CD1,L343CD2,L362CD1,L362CD2,L372CD1,L372CD2,L375CD1,L375CD2,L405CD1,L405CD2,L413CD1,L413CD2,L420CD1,L420CD2,L433CD1,L433CD2,L435CD1,L435CD2,L454CD1,L454CD2,L471CD1,L471CD2,L491CD1,L491CD2,L494CD1,L494CD2,L498CD1,L498CD2,L514CD1,L514CD2,L526CD1,L526CD2,L543CD1,L543CD2,L546CD1,L546CD2,L572CD1,L572CD2,L573CD1,L573CD2,L576CD1,L576CD2,L577CD1,L577CD2,L596CD1,L596CD2,L604CD1,L604CD2,L628CD1,L628CD2,L635CD1,L635CD2,L646CD1,L646CD2,L660CD1,L660CD2,L699CD1,L699CD2,L711CD1,L711CD2,L712CD1,L712CD2,L717CD1,L717CD2	L313CD2	0	1
P119	I	I409CD1	25	I5CD1,I12CD1,I42CD1,I60CD1,I105CD1,I109CD1,I265CD1,I268CD1,I284CD1,I327CD1,I337CD1,I346CD1,I349CD1,I357CD1,I361CD1,I370CD1,I388CD1,I409CD1,I424CD1,I482CD1,I560CD1,I579CD1,I615CD1,I623CD1,I637CD1	I327CD1	0	1
P120	L	L596CD1	126	L10CD1,L10CD2,L25CD1,L25CD2,L30CD1,L30CD2,L46CD1,L46CD2,L53CD1,L53CD2,L54CD1,L54CD2,L64CD1,L64CD2,L85CD1,L85CD2,L88CD1,L88CD2,L91CD1,L91CD2,L117CD1,L117CD2,L128CD1,L128CD2,L174CD1,L174CD2,L178CD1,L178CD2,L198CD1,L198CD2,L202CD1,L202CD2,L230CD1,L230CD2,L231CD1,L231CD2,L236CD1,L236CD2,L240CD1,L240CD2,L269CD1,L269CD2,L285CD1,L285CD2,L286CD1,L286CD2,L290CD1,L290CD2,L291CD1,L291CD2,L293CD1,L293CD2,L298CD1,L298CD2,L313CD1,L313CD2,L329CD1,L329CD2,L334CD1,L334CD2,L335CD1,L335CD2,L343CD1,L343CD2,L362CD1,L362CD2,L372CD1,L372CD2,L375CD1,L375CD2,L405CD1,L405CD2,L413CD1,L413CD2,L420CD1,L420CD2,L433CD1,L433CD2,L435CD1,L435CD2,L454CD1,L454CD2,L471CD1,L471CD2,L491CD1,L491CD2,L494CD1,L494CD2,L498CD1,L498CD2,L514CD1,L514CD2,L526CD1,L526CD2,L543CD1,L543CD2,L546CD1,L546CD2,L572CD1,L572CD2,L573CD1,L573CD2,L576CD1,L576CD2,L577CD1,L577CD2,L596CD1,L596CD2,L604CD1,L604CD2,L628CD1,L628CD2,L635CD1,L635CD2,L646CD1,L646CD2,L660CD1,L660CD2,L699CD1,L699CD2,L711CD1,L711CD2,L712CD1,L712CD2,L717CD1,L717CD2	L329CD1	0	1
P121	L	L174CD2	126	L10CD1,L10CD2,L25CD1,L25CD2,L30CD1,L30CD2,L46CD1,L46CD2,L53CD1,L53CD2,L54CD1,L54CD2,L64CD1,L64CD2,L85CD1,L85CD2,L88CD1,L88CD2,L91CD1,L91CD2,L117CD1,L117CD2,L128CD1,L128CD2,L174CD1,L174CD2,L178CD1,L178CD2,L198CD1,L198CD2,L202CD1,L202CD2,L230CD1,L230CD2,L231CD1,L231CD2,L236CD1,L236CD2,L240CD1,L240CD2,L269CD1,L269CD2,L285CD1,L285CD2,L286CD1,L286CD2,L290CD1,L290CD2,L291CD1,L291CD2,L293CD1,L293CD2,L298CD1,L298CD2,L313CD1,L313CD2,L329CD1,L329CD2,L334CD1,L334CD2,L335CD1,L335CD2,L343CD1,L343CD2,L362CD1,L362CD2,L372CD1,L372CD2,L375CD1,L375CD2,L405CD1,L405CD2,L413CD1,L413CD2,L420CD1,L420CD2,L433CD1,L433CD2,L435CD1,L435CD2,L454CD1,L454CD2,L471CD1,L471CD2,L491CD1,L491CD2,L494CD1,L494CD2,L498CD1,L498CD2,L514CD1,L514CD2,L526CD1,L526CD2,L543CD1,L543CD2,L546CD1,L546CD2,L572CD1,L572CD2,L573CD1,L573CD2,L576CD1,L576CD2,L577CD1,L577CD2,L596CD1,L596CD2,L604CD1,L604CD2,L628CD1,L628CD2,L635CD1,L635CD2,L646CD1,L646CD2,L660CD1,L660CD2,L699CD1,L699CD2,L711CD1,L711CD2,L712CD1,L712CD2,L717CD1,L717CD2	L329CD2	0	1
P122	L	L46CD2	28	L10CD1,L10CD2,L46CD1,L46CD2,L269CD1,L269CD2,L286CD1,L286CD2,L290CD1,L290CD2,L291CD1,L291CD2,L293CD1,L293CD2,L334CD1,L334CD2,L335CD1,L335CD2,L362CD1,L362CD2,L405CD1,L405CD2,L413CD1,L413CD2,L420CD1,L420CD2,L717CD1,L717CD2	L334CD1	0	1
P123	L	L46CD1	28	L10CD1,L10CD2,L46CD1,L46CD2,L269CD1,L269CD2,L286CD1,L286CD2,L290CD1,L290CD2,L291CD1,L291CD2,L293CD1,L293CD2,L334CD1,L334CD2,L335CD1,L335CD2,L362CD1,L362CD2,L405CD1,L405CD2,L413CD1,L413CD2,L420CD1,L420CD2,L717CD1,L717CD2	L334CD2	0	1
P124	L	L526CD2	126	L10CD1,L10CD2,L25CD1,L25CD2,L30CD1,L30CD2,L46CD1,L46CD2,L53CD1,L53CD2,L54CD1,L54CD2,L64CD1,L64CD2,L85CD1,L85CD2,L88CD1,L88CD2,L91CD1,L91CD2,L117CD1,L117CD2,L128CD1,L128CD2,L174CD1,L174CD2,L178CD1,L178CD2,L198CD1,L198CD2,L202CD1,L202CD2,L230CD1,L230CD2,L231CD1,L231CD2,L236CD1,L236CD2,L240CD1,L240CD2,L269CD1,L269CD2,L285CD1,L285CD2,L286CD1,L286CD2,L290CD1,L290CD2,L291CD1,L291CD2,L293CD1,L293CD2,L298CD1,L298CD2,L313CD1,L313CD2,L329CD1,L329CD2,L334CD1,L334CD2,L335CD1,L335CD2,L343CD1,L343CD2,L362CD1,L362CD2,L372CD1,L372CD2,L375CD1,L375CD2,L405CD1,L405CD2,L413CD1,L413CD2,L420CD1,L420CD2,L433CD1,L433CD2,L435CD1,L435CD2,L454CD1,L454CD2,L471CD1,L471CD2,L491CD1,L491CD2,L494CD1,L494CD2,L498CD1,L498CD2,L514CD1,L514CD2,L526CD1,L526CD2,L543CD1,L543CD2,L546CD1,L546CD2,L572CD1,L572CD2,L573CD1,L573CD2,L576CD1,L576CD2,L577CD1,L577CD2,L596CD1,L596CD2,L604CD1,L604CD2,L628CD1,L628CD2,L635CD1,L635CD2,L646CD1,L646CD2,L660CD1,L660CD2,L699CD1,L699CD2,L711CD1,L711CD2,L712CD1,L712CD2,L717CD1,L717CD2	L335CD1	0	1
P125	L	L526CD1	126	L10CD1,L10CD2,L25CD1,L25CD2,L30CD1,L30CD2,L46CD1,L46CD2,L53CD1,L53CD2,L54CD1,L54CD2,L64CD1,L64CD2,L85CD1,L85CD2,L88CD1,L88CD2,L91CD1,L91CD2,L117CD1,L117CD2,L128CD1,L128CD2,L174CD1,L174CD2,L178CD1,L178CD2,L198CD1,L198CD2,L202CD1,L202CD2,L230CD1,L230CD2,L231CD1,L231CD2,L236CD1,L236CD2,L240CD1,L240CD2,L269CD1,L269CD2,L285CD1,L285CD2,L286CD1,L286CD2,L290CD1,L290CD2,L291CD1,L291CD2,L293CD1,L293CD2,L298CD1,L298CD2,L313CD1,L313CD2,L329CD1,L329CD2,L334CD1,L334CD2,L335CD1,L335CD2,L343CD1,L343CD2,L362CD1,L362CD2,L372CD1,L372CD2,L375CD1,L375CD2,L405CD1,L405CD2,L413CD1,L413CD2,L420CD1,L420CD2,L433CD1,L433CD2,L435CD1,L435CD2,L454CD1,L454CD2,L471CD1,L471CD2,L491CD1,L491CD2,L494CD1,L494CD2,L498CD1,L498CD2,L514CD1,L514CD2,L526CD1,L526CD2,L543CD1,L543CD2,L546CD1,L546CD2,L572CD1,L572CD2,L573CD1,L573CD2,L576CD1,L576CD2,L577CD1,L577CD2,L596CD1,L596CD2,L604CD1,L604CD2,L628CD1,L628CD2,L635CD1,L635CD2,L646CD1,L646CD2,L660CD1,L660CD2,L699CD1,L699CD2,L711CD1,L711CD2,L712CD1,L712CD2,L717CD1,L717CD2	L335CD2	0	1
P126	I	I388CD1	12	I12CD1,I42CD1,I268CD1,I284CD1,I337CD1,I346CD1,I349CD1,I357CD1,I361CD1,I370CD1,I388CD1,I409CD1	I337CD1	0	1
P127	V	V553CG2	66	V20CG1,V20CG2,V24CG1,V24CG2,V43CG1,V43CG2,V75CG1,V75CG2,V92CG1,V92CG2,V98CG1,V98CG2,V100CG1,V100CG2,V118CG1,V118CG2,V119CG1,V119CG2,V193CG1,V193CG2,V217CG1,V217CG2,V275CG1,V275CG2,V278CG1,V278CG2,V340CG1,V340CG2,V348CG1,V348CG2,V365CG1,V365CG2,V386CG1,V386CG2,V389CG1,V389CG2,V399CG1,V399CG2,V446CG1,V446CG2,V464CG1,V464CG2,V535CG1,V535CG2,V553CG1,V553CG2,V556CG1,V556CG2,V581CG1,V581CG2,V607CG1,V607CG2,V608CG1,V608CG2,V611CG1,V611CG2,V620CG1,V620CG2,V626CG1,V626CG2,V666CG1,V666CG2,V667CG1,V667CG2,V701CG1,V701CG2	V340CG1	0	1
P128	V	V553CG1	66	V20CG1,V20CG2,V24CG1,V24CG2,V43CG1,V43CG2,V75CG1,V75CG2,V92CG1,V92CG2,V98CG1,V98CG2,V100CG1,V100CG2,V118CG1,V118CG2,V119CG1,V119CG2,V193CG1,V193CG2,V217CG1,V217CG2,V275CG1,V275CG2,V278CG1,V278CG2,V340CG1,V340CG2,V348CG1,V348CG2,V365CG1,V365CG2,V386CG1,V386CG2,V389CG1,V389CG2,V399CG1,V399CG2,V446CG1,V446CG2,V464CG1,V464CG2,V535CG1,V535CG2,V553CG1,V553CG2,V556CG1,V556CG2,V581CG1,V581CG2,V607CG1,V607CG2,V608CG1,V608CG2,V611CG1,V611CG2,V620CG1,V620CG2,V626CG1,V626CG2,V666CG1,V666CG2,V667CG1,V667CG2,V701CG1,V701CG2	V340CG2	0	1
P129	L	L64CD1	126	L10CD1,L10CD2,L25CD1,L25CD2,L30CD1,L30CD2,L46CD1,L46CD2,L53CD1,L53CD2,L54CD1,L54CD2,L64CD1,L64CD2,L85CD1,L85CD2,L88CD1,L88CD2,L91CD1,L91CD2,L117CD1,L117CD2,L128CD1,L128CD2,L174CD1,L174CD2,L178CD1,L178CD2,L198CD1,L198CD2,L202CD1,L202CD2,L230CD1,L230CD2,L231CD1,L231CD2,L236CD1,L236CD2,L240CD1,L240CD2,L269CD1,L269CD2,L285CD1,L285CD2,L286CD1,L286CD2,L290CD1,L290CD2,L291CD1,L291CD2,L293CD1,L293CD2,L298CD1,L298CD2,L313CD1,L313CD2,L329CD1,L329CD2,L334CD1,L334CD2,L335CD1,L335CD2,L343CD1,L343CD2,L362CD1,L362CD2,L372CD1,L372CD2,L375CD1,L375CD2,L405CD1,L405CD2,L413CD1,L413CD2,L420CD1,L420CD2,L433CD1,L433CD2,L435CD1,L435CD2,L454CD1,L454CD2,L471CD1,L471CD2,L491CD1,L491CD2,L494CD1,L494CD2,L498CD1,L498CD2,L514CD1,L514CD2,L526CD1,L526CD2,L543CD1,L543CD2,L546CD1,L546CD2,L572CD1,L572CD2,L573CD1,L573CD2,L576CD1,L576CD2,L577CD1,L577CD2,L596CD1,L596CD2,L604CD1,L604CD2,L628CD1,L628CD2,L635CD1,L635CD2,L646CD1,L646CD2,L660CD1,L660CD2,L699CD1,L699CD2,L711CD1,L711CD2,L712CD1,L712CD2,L717CD1,L717CD2	L343CD1	0	1
P130	L	L64CD2	126	L10CD1,L10CD2,L25CD1,L25CD2,L30CD1,L30CD2,L46CD1,L46CD2,L53CD1,L53CD2,L54CD1,L54CD2,L64CD1,L64CD2,L85CD1,L85CD2,L88CD1,L88CD2,L91CD1,L91CD2,L117CD1,L117CD2,L128CD1,L128CD2,L174CD1,L174CD2,L178CD1,L178CD2,L198CD1,L198CD2,L202CD1,L202CD2,L230CD1,L230CD2,L231CD1,L231CD2,L236CD1,L236CD2,L240CD1,L240CD2,L269CD1,L269CD2,L285CD1,L285CD2,L286CD1,L286CD2,L290CD1,L290CD2,L291CD1,L291CD2,L293CD1,L293CD2,L298CD1,L298CD2,L313CD1,L313CD2,L329CD1,L329CD2,L334CD1,L334CD2,L335CD1,L335CD2,L343CD1,L343CD2,L362CD1,L362CD2,L372CD1,L372CD2,L375CD1,L375CD2,L405CD1,L405CD2,L413CD1,L413CD2,L420CD1,L420CD2,L433CD1,L433CD2,L435CD1,L435CD2,L454CD1,L454CD2,L471CD1,L471CD2,L491CD1,L491CD2,L494CD1,L494CD2,L498CD1,L498CD2,L514CD1,L514CD2,L526CD1,L526CD2,L543CD1,L543CD2,L546CD1,L546CD2,L572CD1,L572CD2,L573CD1,L573CD2,L576CD1,L576CD2,L577CD1,L577CD2,L596CD1,L596CD2,L604CD1,L604CD2,L628CD1,L628CD2,L635CD1,L635CD2,L646CD1,L646CD2,L660CD1,L660CD2,L699CD1,L699CD2,L711CD1,L711CD2,L712CD1,L712CD2,L717CD1,L717CD2	L343CD2	0	1
P131	I	I623CD1	25	I5CD1,I12CD1,I42CD1,I60CD1,I105CD1,I109CD1,I265CD1,I268CD1,I284CD1,I327CD1,I337CD1,I346CD1,I349CD1,I357CD1,I361CD1,I370CD1,I388CD1,I409CD1,I424CD1,I482CD1,I560CD1,I579CD1,I615CD1,I623CD1,I637CD1	I346CD1	0	1
P132	V	V348CG1	8	V20CG1,V20CG2,V24CG1,V24CG2,V43CG2,V348CG1,V348CG2,V365CG1	V348CG1	1	1
P133	V	V348CG2	10	V20CG1,V20CG2,V24CG1,V24CG2,V43CG1,V340CG2,V348CG1,V348CG2,V365CG1,V386CG1	V348CG2	1	1
P134	I	I349CD1	6	I12CD1,I42CD1,I349CD1,I357CD1,I361CD1,I409CD1	I349CD1	1	1
P135	I	I109CD1	25	I5CD1,I12CD1,I42CD1,I60CD1,I105CD1,I109CD1,I265CD1,I268CD1,I284CD1,I327CD1,I337CD1,I346CD1,I349CD1,I357CD1,I361CD1,I370CD1,I388CD1,I409CD1,I424CD1,I482CD1,I560CD1,I579CD1,I615CD1,I623CD1,I637CD1	I361CD1	0	1
P136	L	L362CD1	8	L10CD1,L25CD2,L362CD1,L362CD2,L405CD1,L405CD2,L413CD1,L413CD2	L362CD1	1	1
P137	L	L362CD2	8	L10CD2,L25CD1,L362CD1,L362CD2,L405CD1,L405CD2,L413CD1,L413CD2	L362CD2	1	1
P138	V	V275CG2	66	V20CG1,V20CG2,V24CG1,V24CG2,V43CG1,V43CG2,V75CG1,V75CG2,V92CG1,V92CG2,V98CG1,V98CG2,V100CG1,V100CG2,V118CG1,V118CG2,V119CG1,V119CG2,V193CG1,V193CG2,V217CG1,V217CG2,V275CG1,V275CG2,V278CG1,V278CG2,V340CG1,V340CG2,V348CG1,V348CG2,V365CG1,V365CG2,V386CG1,V386CG2,V389CG1,V389CG2,V399CG1,V399CG2,V446CG1,V446CG2,V464CG1,V464CG2,V535CG1,V535CG2,V553CG1,V553CG2,V556CG1,V556CG2,V581CG1,V581CG2,V607CG1,V607CG2,V608CG1,V608CG2,V611CG1,V611CG2,V620CG1,V620CG2,V626CG1,V626CG2,V666CG1,V666CG2,V667CG1,V667CG2,V701CG1,V701CG2	V365CG1	0	1
P139	V	V275CG1	66	V20CG1,V20CG2,V24CG1,V24CG2,V43CG1,V43CG2,V75CG1,V75CG2,V92CG1,V92CG2,V98CG1,V98CG2,V100CG1,V100CG2,V118CG1,V118CG2,V119CG1,V119CG2,V193CG1,V193CG2,V217CG1,V217CG2,V275CG1,V275CG2,V278CG1,V278CG2,V340CG1,V340CG2,V348CG1,V348CG2,V365CG1,V365CG2,V386CG1,V386CG2,V389CG1,V389CG2,V399CG1,V399CG2,V446CG1,V446CG2,V464CG1,V464CG2,V535CG1,V535CG2,V553CG1,V553CG2,V556CG1,V556CG2,V581CG1,V581CG2,V607CG1,V607CG2,V608CG1,V608CG2,V611CG1,V611CG2,V620CG1,V620CG2,V626CG1,V626CG2,V666CG1,V666CG2,V667CG1,V667CG2,V701CG1,V701CG2	V365CG2	0	1
P140	I	I370CD1	7	I42CD1,I284CD1,I349CD1,I357CD1,I361CD1,I370CD1,I409CD1	I370CD1	1	1
P141	L	L88CD2	126	L10CD1,L10CD2,L25CD1,L25CD2,L30CD1,L30CD2,L46CD1,L46CD2,L53CD1,L53CD2,L54CD1,L54CD2,L64CD1,L64CD2,L85CD1,L85CD2,L88CD1,L88CD2,L91CD1,L91CD2,L117CD1,L117CD2,L128CD1,L128CD2,L174CD1,L174CD2,L178CD1,L178CD2,L198CD1,L198CD2,L202CD1,L202CD2,L230CD1,L230CD2,L231CD1,L231CD2,L236CD1,L236CD2,L240CD1,L240CD2,L269CD1,L269CD2,L285CD1,L285CD2,L286CD1,L286CD2,L290CD1,L290CD2,L291CD1,L291CD2,L293CD1,L293CD2,L298CD1,L298CD2,L313CD1,L313CD2,L329CD1,L329CD2,L334CD1,L334CD2,L335CD1,L335CD2,L343CD1,L343CD2,L362CD1,L362CD2,L372CD1,L372CD2,L375CD1,L375CD2,L405CD1,L405CD2,L413CD1,L413CD2,L420CD1,L420CD2,L433CD1,L433CD2,L435CD1,L435CD2,L454CD1,L454CD2,L471CD1,L471CD2,L491CD1,L491CD2,L494CD1,L494CD2,L498CD1,L498CD2,L514CD1,L514CD2,L526CD1,L526CD2,L543CD1,L543CD2,L546CD1,L546CD2,L572CD1,L572CD2,L573CD1,L573CD2,L576CD1,L576CD2,L577CD1,L577CD2,L596CD1,L596CD2,L604CD1,L604CD2,L628CD1,L628CD2,L635CD1,L635CD2,L646CD1,L646CD2,L660CD1,L660CD2,L699CD1,L699CD2,L711CD1,L711CD2,L712CD1,L712CD2,L717CD1,L717CD2	L372CD1	0	1
P142	L	L88CD1	126	L10CD1,L10CD2,L25CD1,L25CD2,L30CD1,L30CD2,L46CD1,L46CD2,L53CD1,L53CD2,L54CD1,L54CD2,L64CD1,L64CD2,L85CD1,L85CD2,L88CD1,L88CD2,L91CD1,L91CD2,L117CD1,L117CD2,L128CD1,L128CD2,L174CD1,L174CD2,L178CD1,L178CD2,L198CD1,L198CD2,L202CD1,L202CD2,L230CD1,L230CD2,L231CD1,L231CD2,L236CD1,L236CD2,L240CD1,L240CD2,L269CD1,L269CD2,L285CD1,L285CD2,L286CD1,L286CD2,L290CD1,L290CD2,L291CD1,L291CD2,L293CD1,L293CD2,L298CD1,L298CD2,L313CD1,L313CD2,L329CD1,L329CD2,L334CD1,L334CD2,L335CD1,L335CD2,L343CD1,L343CD2,L362CD1,L362CD2,L372CD1,L372CD2,L375CD1,L375CD2,L405CD1,L405CD2,L413CD1,L413CD2,L420CD1,L420CD2,L433CD1,L433CD2,L435CD1,L435CD2,L454CD1,L454CD2,L471CD1,L471CD2,L491CD1,L491CD2,L494CD1,L494CD2,L498CD1,L498CD2,L514CD1,L514CD2,L526CD1,L526CD2,L543CD1,L543CD2,L546CD1,L546CD2,L572CD1,L572CD2,L573CD1,L573CD2,L576CD1,L576CD2,L577CD1,L577CD2,L596CD1,L596CD2,L604CD1,L604CD2,L628CD1,L628CD2,L635CD1,L635CD2,L646CD1,L646CD2,L660CD1,L660CD2,L699CD1,L699CD2,L711CD1,L711CD2,L712CD1,L712CD2,L717CD1,L717CD2	L372CD2	0	1
P143	L	L236CD1	126	L10CD1,L10CD2,L25CD1,L25CD2,L30CD1,L30CD2,L46CD1,L46CD2,L53CD1,L53CD2,L54CD1,L54CD2,L64CD1,L64CD2,L85CD1,L85CD2,L88CD1,L88CD2,L91CD1,L91CD2,L117CD1,L117CD2,L128CD1,L128CD2,L174CD1,L174CD2,L178CD1,L178CD2,L198CD1,L198CD2,L202CD1,L202CD2,L230CD1,L230CD2,L231CD1,L231CD2,L236CD1,L236CD2,L240CD1,L240CD2,L269CD1,L269CD2,L285CD1,L285CD2,L286CD1,L286CD2,L290CD1,L290CD2,L291CD1,L291CD2,L293CD1,L293CD2,L298CD1,L298CD2,L313CD1,L313CD2,L329CD1,L329CD2,L334CD1,L334CD2,L335CD1,L335CD2,L343CD1,L343CD2,L362CD1,L362CD2,L372CD1,L372CD2,L375CD1,L375CD2,L405CD1,L405CD2,L413CD1,L413CD2,L420CD1,L420CD2,L433CD1,L433CD2,L435CD1,L435CD2,L454CD1,L454CD2,L471CD1,L471CD2,L491CD1,L491CD2,L494CD1,L494CD2,L498CD1,L498CD2,L514CD1,L514CD2,L526CD1,L526CD2,L543CD1,L543CD2,L546CD1,L546CD2,L572CD1,L572CD2,L573CD1,L573CD2,L576CD1,L576CD2,L577CD1,L577CD2,L596CD1,L596CD2,L604CD1,L604CD2,L628CD1,L628CD2,L635CD1,L635CD2,L646CD1,L646CD2,L660CD1,L660CD2,L699CD1,L699CD2,L711CD1,L711CD2,L712CD1,L712CD2,L717CD1,L717CD2	L375CD1	0	1
P144	L	L236CD2	126	L10CD1,L10CD2,L25CD1,L25CD2,L30CD1,L30CD2,L46CD1,L46CD2,L53CD1,L53CD2,L54CD1,L54CD2,L64CD1,L64CD2,L85CD1,L85CD2,L88CD1,L88CD2,L91CD1,L91CD2,L117CD1,L117CD2,L128CD1,L128CD2,L174CD1,L174CD2,L178CD1,L178CD2,L198CD1,L198CD2,L202CD1,L202CD2,L230CD1,L230CD2,L231CD1,L231CD2,L236CD1,L236CD2,L240CD1,L240CD2,L269CD1,L269CD2,L285CD1,L285CD2,L286CD1,L286CD2,L290CD1,L290CD2,L291CD1,L291CD2,L293CD1,L293CD2,L298CD1,L298CD2,L313CD1,L313CD2,L329CD1,L329CD2,L334CD1,L334CD2,L335CD1,L335CD2,L343CD1,L343CD2,L362CD1,L362CD2,L372CD1,L372CD2,L375CD1,L375CD2,L405CD1,L405CD2,L413CD1,L413CD2,L420CD1,L420CD2,L433CD1,L433CD2,L435CD1,L435CD2,L454CD1,L454CD2,L471CD1,L471CD2,L491CD1,L491CD2,L494CD1,L494CD2,L498CD1,L498CD2,L514CD1,L514CD2,L526CD1,L526CD2,L543CD1,L543CD2,L546CD1,L546CD2,L572CD1,L572CD2,L573CD1,L573CD2,L576CD1,L576CD2,L577CD1,L577CD2,L596CD1,L596CD2,L604CD1,L604CD2,L628CD1,L628CD2,L635CD1,L635CD2,L646CD1,L646CD2,L660CD1,L660CD2,L699CD1,L699CD2,L711CD1,L711CD2,L712CD1,L712CD2,L717CD1,L717CD2	L375CD2	0	1
P145	V	V365CG2	27	V20CG1,V20CG2,V24CG1,V24CG2,V43CG1,V43CG2,V100CG1,V100CG2,V118CG1,V118CG2,V119CG1,V275CG1,V278CG1,V278CG2,V340CG1,V340CG2,V348CG1,V348CG2,V365CG1,V365CG2,V386CG1,V386CG2,V389CG1,V389CG2,V446CG1,V446CG2,V535CG2	V386CG1	0	1
P146	V	V365CG1	27	V20CG1,V20CG2,V24CG1,V24CG2,V43CG1,V43CG2,V100CG1,V100CG2,V118CG1,V118CG2,V119CG1,V275CG1,V278CG1,V278CG2,V340CG1,V340CG2,V348CG1,V348CG2,V365CG1,V365CG2,V386CG1,V386CG2,V389CG1,V389CG2,V446CG1,V446CG2,V535CG2	V386CG2	0	1
P147	I	I357CD1	13	I12CD1,I42CD1,I105CD1,I109CD1,I268CD1,I337CD1,I346CD1,I349CD1,I357CD1,I361CD1,I370CD1,I388CD1,I409CD1	I388CD1	0	1
P148	V	V611CG2	66	V20CG1,V20CG2,V24CG1,V24CG2,V43CG1,V43CG2,V75CG1,V75CG2,V92CG1,V92CG2,V98CG1,V98CG2,V100CG1,V100CG2,V118CG1,V118CG2,V119CG1,V119CG2,V193CG1,V193CG2,V217CG1,V217CG2,V275CG1,V275CG2,V278CG1,V278CG2,V340CG1,V340CG2,V348CG1,V348CG2,V365CG1,V365CG2,V386CG1,V386CG2,V389CG1,V389CG2,V399CG1,V399CG2,V446CG1,V446CG2,V464CG1,V464CG2,V535CG1,V535CG2,V553CG1,V553CG2,V556CG1,V556CG2,V581CG1,V581CG2,V607CG1,V607CG2,V608CG1,V608CG2,V611CG1,V611CG2,V620CG1,V620CG2,V626CG1,V626CG2,V666CG1,V666CG2,V667CG1,V667CG2,V701CG1,V701CG2	V389CG1	0	1
P149	V	V611CG1	66	V20CG1,V20CG2,V24CG1,V24CG2,V43CG1,V43CG2,V75CG1,V75CG2,V92CG1,V92CG2,V98CG1,V98CG2,V100CG1,V100CG2,V118CG1,V118CG2,V119CG1,V119CG2,V193CG1,V193CG2,V217CG1,V217CG2,V275CG1,V275CG2,V278CG1,V278CG2,V340CG1,V340CG2,V348CG1,V348CG2,V365CG1,V365CG2,V386CG1,V386CG2,V389CG1,V389CG2,V399CG1,V399CG2,V446CG1,V446CG2,V464CG1,V464CG2,V535CG1,V535CG2,V553CG1,V553CG2,V556CG1,V556CG2,V581CG1,V581CG2,V607CG1,V607CG2,V608CG1,V608CG2,V611CG1,V611CG2,V620CG1,V620CG2,V626CG1,V626CG2,V666CG1,V666CG2,V667CG1,V667CG2,V701CG1,V701CG2	V389CG2	0	1
P150	V	V217CG2	66	V20CG1,V20CG2,V24CG1,V24CG2,V43CG1,V43CG2,V75CG1,V75CG2,V92CG1,V92CG2,V98CG1,V98CG2,V100CG1,V100CG2,V118CG1,V118CG2,V119CG1,V119CG2,V193CG1,V193CG2,V217CG1,V217CG2,V275CG1,V275CG2,V278CG1,V278CG2,V340CG1,V340CG2,V348CG1,V348CG2,V365CG1,V365CG2,V386CG1,V386CG2,V389CG1,V389CG2,V399CG1,V399CG2,V446CG1,V446CG2,V464CG1,V464CG2,V535CG1,V535CG2,V553CG1,V553CG2,V556CG1,V556CG2,V581CG1,V581CG2,V607CG1,V607CG2,V608CG1,V608CG2,V611CG1,V611CG2,V620CG1,V620CG2,V626CG1,V626CG2,V666CG1,V666CG2,V667CG1,V667CG2,V701CG1,V701CG2	V399CG1	0	1
P151	V	V217CG1	66	V20CG1,V20CG2,V24CG1,V24CG2,V43CG1,V43CG2,V75CG1,V75CG2,V92CG1,V92CG2,V98CG1,V98CG2,V100CG1,V100CG2,V118CG1,V118CG2,V119CG1,V119CG2,V193CG1,V193CG2,V217CG1,V217CG2,V275CG1,V275CG2,V278CG1,V278CG2,V340CG1,V340CG2,V348CG1,V348CG2,V365CG1,V365CG2,V386CG1,V386CG2,V389CG1,V389CG2,V399CG1,V399CG2,V446CG1,V446CG2,V464CG1,V464CG2,V535CG1,V535CG2,V553CG1,V553CG2,V556CG1,V556CG2,V581CG1,V581CG2,V607CG1,V607CG2,V608CG1,V608CG2,V611CG1,V611CG2,V620CG1,V620CG2,V626CG1,V626CG2,V666CG1,V666CG2,V667CG1,V667CG2,V701CG1,V701CG2	V399CG2	0	1
P152	I	I346CD1	14	I5CD1,I12CD1,I42CD1,I105CD1,I109CD1,I268CD1,I337CD1,I346CD1,I349CD1,I357CD1,I361CD1,I370CD1,I388CD1,I409CD1	I409CD1	0	1
P153	L	L375CD1	126	L10CD1,L10CD2,L25CD1,L25CD2,L30CD1,L30CD2,L46CD1,L46CD2,L53CD1,L53CD2,L54CD1,L54CD2,L64CD1,L64CD2,L85CD1,L85CD2,L88CD1,L88CD2,L91CD1,L91CD2,L117CD1,L117CD2,L128CD1,L128CD2,L174CD1,L174CD2,L178CD1,L178CD2,L198CD1,L198CD2,L202CD1,L202CD2,L230CD1,L230CD2,L231CD1,L231CD2,L236CD1,L236CD2,L240CD1,L240CD2,L269CD1,L269CD2,L285CD1,L285CD2,L286CD1,L286CD2,L290CD1,L290CD2,L291CD1,L291CD2,L293CD1,L293CD2,L298CD1,L298CD2,L313CD1,L313CD2,L329CD1,L329CD2,L334CD1,L334CD2,L335CD1,L335CD2,L343CD1,L343CD2,L362CD1,L362CD2,L372CD1,L372CD2,L375CD1,L375CD2,L405CD1,L405CD2,L413CD1,L413CD2,L420CD1,L420CD2,L433CD1,L433CD2,L435CD1,L435CD2,L454CD1,L454CD2,L471CD1,L471CD2,L491CD1,L491CD2,L494CD1,L494CD2,L498CD1,L498CD2,L514CD1,L514CD2,L526CD1,L526CD2,L543CD1,L543CD2,L546CD1,L546CD2,L572CD1,L572CD2,L573CD1,L573CD2,L576CD1,L576CD2,L577CD1,L577CD2,L596CD1,L596CD2,L604CD1,L604CD2,L628CD1,L628CD2,L635CD1,L635CD2,L646CD1,L646CD2,L660CD1,L660CD2,L699CD1,L699CD2,L711CD1,L711CD2,L712CD1,L712CD2,L717CD1,L717CD2	L413CD1	0	1
P154	L	L514CD1	126	L10CD1,L10CD2,L25CD1,L25CD2,L30CD1,L30CD2,L46CD1,L46CD2,L53CD1,L53CD2,L54CD1,L54CD2,L64CD1,L64CD2,L85CD1,L85CD2,L88CD1,L88CD2,L91CD1,L91CD2,L117CD1,L117CD2,L128CD1,L128CD2,L174CD1,L174CD2,L178CD1,L178CD2,L198CD1,L198CD2,L202CD1,L202CD2,L230CD1,L230CD2,L231CD1,L231CD2,L236CD1,L236CD2,L240CD1,L240CD2,L269CD1,L269CD2,L285CD1,L285CD2,L286CD1,L286CD2,L290CD1,L290CD2,L291CD1,L291CD2,L293CD1,L293CD2,L298CD1,L298CD2,L313CD1,L313CD2,L329CD1,L329CD2,L334CD1,L334CD2,L335CD1,L335CD2,L343CD1,L343CD2,L362CD1,L362CD2,L372CD1,L372CD2,L375CD1,L375CD2,L405CD1,L405CD2,L413CD1,L413CD2,L420CD1,L420CD2,L433CD1,L433CD2,L435CD1,L435CD2,L454CD1,L454CD2,L471CD1,L471CD2,L491CD1,L491CD2,L494CD1,L494CD2,L498CD1,L498CD2,L514CD1,L514CD2,L526CD1,L526CD2,L543CD1,L543CD2,L546CD1,L546CD2,L572CD1,L572CD2,L573CD1,L573CD2,L576CD1,L576CD2,L577CD1,L577CD2,L596CD1,L596CD2,L604CD1,L604CD2,L628CD1,L628CD2,L635CD1,L635CD2,L646CD1,L646CD2,L660CD1,L660CD2,L699CD1,L699CD2,L711CD1,L711CD2,L712CD1,L712CD2,L717CD1,L717CD2	L413CD2	0	1
P155	L	L405CD1	35	L10CD1,L10CD2,L25CD1,L25CD2,L46CD1,L46CD2,L53CD1,L54CD1,L117CD1,L269CD1,L269CD2,L286CD1,L286CD2,L290CD1,L290CD2,L291CD1,L291CD2,L293CD1,L293CD2,L334CD1,L334CD2,L335CD1,L335CD2,L362CD1,L362CD2,L372CD1,L405CD1,L405CD2,L413CD1,L413CD2,L420CD1,L420CD2,L498CD2,L717CD1,L717CD2	L420CD1	0	1
P156	L	L405CD2	35	L10CD1,L10CD2,L25CD1,L25CD2,L46CD1,L46CD2,L53CD1,L54CD1,L117CD1,L269CD1,L269CD2,L286CD1,L286CD2,L290CD1,L290CD2,L291CD1,L291CD2,L293CD1,L293CD2,L334CD1,L334CD2,L335CD1,L335CD2,L362CD1,L362CD2,L372CD1,L405CD1,L405CD2,L413CD1,L413CD2,L420CD1,L420CD2,L498CD2,L717CD1,L717CD2	L420CD2	0	1
P157	I	I424CD1	2	I424CD1,I560CD1	I424CD1	1	1
P158	L	L335CD2	14	L269CD1,L269CD2,L290CD2,L293CD1,L293CD2,L298CD2,L335CD1,L335CD2,L433CD1,L433CD2,L573CD1,L573CD2,L577CD1,L577CD2	L433CD1	0	1
P159	L	L335CD1	14	L269CD1,L269CD2,L290CD1,L293CD1,L293CD2,L298CD1,L335CD1,L335CD2,L433CD1,L433CD2,L573CD1,L573CD2,L577CD1,L577CD2	L433CD2	0	1
P160	L	L435CD1	7	L435CD1,L435CD2,L491CD2,L494CD1,L494CD2,L498CD1,L498CD2	L435CD1	1	1
P161	L	L435CD2	7	L435CD1,L435CD2,L491CD2,L494CD1,L494CD2,L498CD1,L498CD2	L435CD2	1	1
P162	I	I439CD1	1	I439CD1	I439CD1	1	1
P163	V	V100CG1	66	V20CG1,V20CG2,V24CG1,V24CG2,V43CG1,V43CG2,V75CG1,V75CG2,V92CG1,V92CG2,V98CG1,V98CG2,V100CG1,V100CG2,V118CG1,V118CG2,V119CG1,V119CG2,V193CG1,V193CG2,V217CG1,V217CG2,V275CG1,V275CG2,V278CG1,V278CG2,V340CG1,V340CG2,V348CG1,V348CG2,V365CG1,V365CG2,V386CG1,V386CG2,V389CG1,V389CG2,V399CG1,V399CG2,V446CG1,V446CG2,V464CG1,V464CG2,V535CG1,V535CG2,V553CG1,V553CG2,V556CG1,V556CG2,V581CG1,V581CG2,V607CG1,V607CG2,V608CG1,V608CG2,V611CG1,V611CG2,V620CG1,V620CG2,V626CG1,V626CG2,V666CG1,V666CG2,V667CG1,V667CG2,V701CG1,V701CG2	V446CG1	0	1
P164	V	V100CG2	5	V100CG2,V446CG1,V446CG2,V553CG2,V556CG1	V446CG2	0	1
P165	I	I449CD1	2	I449CD1,I504CD1	I449CD1	1	1
P166	L	L230CD1	126	L10CD1,L10CD2,L25CD1,L25CD2,L30CD1,L30CD2,L46CD1,L46CD2,L53CD1,L53CD2,L54CD1,L54CD2,L64CD1,L64CD2,L85CD1,L85CD2,L88CD1,L88CD2,L91CD1,L91CD2,L117CD1,L117CD2,L128CD1,L128CD2,L174CD1,L174CD2,L178CD1,L178CD2,L198CD1,L198CD2,L202CD1,L202CD2,L230CD1,L230CD2,L231CD1,L231CD2,L236CD1,L236CD2,L240CD1,L240CD2,L269CD1,L269CD2,L285CD1,L285CD2,L286CD1,L286CD2,L290CD1,L290CD2,L291CD1,L291CD2,L293CD1,L293CD2,L298CD1,L298CD2,L313CD1,L313CD2,L329CD1,L329CD2,L334CD1,L334CD2,L335CD1,L335CD2,L343CD1,L343CD2,L362CD1,L362CD2,L372CD1,L372CD2,L375CD1,L375CD2,L405CD1,L405CD2,L413CD1,L413CD2,L420CD1,L420CD2,L433CD1,L433CD2,L435CD1,L435CD2,L454CD1,L454CD2,L471CD1,L471CD2,L491CD1,L491CD2,L494CD1,L494CD2,L498CD1,L498CD2,L514CD1,L514CD2,L526CD1,L526CD2,L543CD1,L543CD2,L546CD1,L546CD2,L572CD1,L572CD2,L573CD1,L573CD2,L576CD1,L576CD2,L577CD1,L577CD2,L596CD1,L596CD2,L604CD1,L604CD2,L628CD1,L628CD2,L635CD1,L635CD2,L646CD1,L646CD2,L660CD1,L660CD2,L699CD1,L699CD2,L711CD1,L711CD2,L712CD1,L712CD2,L717CD1,L717CD2	L454CD1	0	1
P167	L	L230CD2	126	L10CD1,L10CD2,L25CD1,L25CD2,L30CD1,L30CD2,L46CD1,L46CD2,L53CD1,L53CD2,L54CD1,L54CD2,L64CD1,L64CD2,L85CD1,L85CD2,L88CD1,L88CD2,L91CD1,L91CD2,L117CD1,L117CD2,L128CD1,L128CD2,L174CD1,L174CD2,L178CD1,L178CD2,L198CD1,L198CD2,L202CD1,L202CD2,L230CD1,L230CD2,L231CD1,L231CD2,L236CD1,L236CD2,L240CD1,L240CD2,L269CD1,L269CD2,L285CD1,L285CD2,L286CD1,L286CD2,L290CD1,L290CD2,L291CD1,L291CD2,L293CD1,L293CD2,L298CD1,L298CD2,L313CD1,L313CD2,L329CD1,L329CD2,L334CD1,L334CD2,L335CD1,L335CD2,L343CD1,L343CD2,L362CD1,L362CD2,L372CD1,L372CD2,L375CD1,L375CD2,L405CD1,L405CD2,L413CD1,L413CD2,L420CD1,L420CD2,L433CD1,L433CD2,L435CD1,L435CD2,L454CD1,L454CD2,L471CD1,L471CD2,L491CD1,L491CD2,L494CD1,L494CD2,L498CD1,L498CD2,L514CD1,L514CD2,L526CD1,L526CD2,L543CD1,L543CD2,L546CD1,L546CD2,L572CD1,L572CD2,L573CD1,L573CD2,L576CD1,L576CD2,L577CD1,L577CD2,L596CD1,L596CD2,L604CD1,L604CD2,L628CD1,L628CD2,L635CD1,L635CD2,L646CD1,L646CD2,L660CD1,L660CD2,L699CD1,L699CD2,L711CD1,L711CD2,L712CD1,L712CD2,L717CD1,L717CD2	L454CD2	0	1
P168	V	V119CG1	17	V24CG1,V24CG2,V75CG1,V75CG2,V92CG1,V92CG2,V118CG1,V118CG2,V119CG1,V119CG2,V275CG1,V275CG2,V340CG1,V340CG2,V386CG1,V464CG1,V464CG2	V464CG1	0	1
P169	V	V119CG2	66	V20CG1,V20CG2,V24CG1,V24CG2,V43CG1,V43CG2,V75CG1,V75CG2,V92CG1,V92CG2,V98CG1,V98CG2,V100CG1,V100CG2,V118CG1,V118CG2,V119CG1,V119CG2,V193CG1,V193CG2,V217CG1,V217CG2,V275CG1,V275CG2,V278CG1,V278CG2,V340CG1,V340CG2,V348CG1,V348CG2,V365CG1,V365CG2,V386CG1,V386CG2,V389CG1,V389CG2,V399CG1,V399CG2,V446CG1,V446CG2,V464CG1,V464CG2,V535CG1,V535CG2,V553CG1,V553CG2,V556CG1,V556CG2,V581CG1,V581CG2,V607CG1,V607CG2,V608CG1,V608CG2,V611CG1,V611CG2,V620CG1,V620CG2,V626CG1,V626CG2,V666CG1,V666CG2,V667CG1,V667CG2,V701CG1,V701CG2	V464CG2	0	1
P170	L	L329CD2	126	L10CD1,L10CD2,L25CD1,L25CD2,L30CD1,L30CD2,L46CD1,L46CD2,L53CD1,L53CD2,L54CD1,L54CD2,L64CD1,L64CD2,L85CD1,L85CD2,L88CD1,L88CD2,L91CD1,L91CD2,L117CD1,L117CD2,L128CD1,L128CD2,L174CD1,L174CD2,L178CD1,L178CD2,L198CD1,L198CD2,L202CD1,L202CD2,L230CD1,L230CD2,L231CD1,L231CD2,L236CD1,L236CD2,L240CD1,L240CD2,L269CD1,L269CD2,L285CD1,L285CD2,L286CD1,L286CD2,L290CD1,L290CD2,L291CD1,L291CD2,L293CD1,L293CD2,L298CD1,L298CD2,L313CD1,L313CD2,L329CD1,L329CD2,L334CD1,L334CD2,L335CD1,L335CD2,L343CD1,L343CD2,L362CD1,L362CD2,L372CD1,L372CD2,L375CD1,L375CD2,L405CD1,L405CD2,L413CD1,L413CD2,L420CD1,L420CD2,L433CD1,L433CD2,L435CD1,L435CD2,L454CD1,L454CD2,L471CD1,L471CD2,L491CD1,L491CD2,L494CD1,L494CD2,L498CD1,L498CD2,L514CD1,L514CD2,L526CD1,L526CD2,L543CD1,L543CD2,L546CD1,L546CD2,L572CD1,L572CD2,L573CD1,L573CD2,L576CD1,L576CD2,L577CD1,L577CD2,L596CD1,L596CD2,L604CD1,L604CD2,L628CD1,L628CD2,L635CD1,L635CD2,L646CD1,L646CD2,L660CD1,L660CD2,L699CD1,L699CD2,L711CD1,L711CD2,L712CD1,L712CD2,L717CD1,L717CD2	L471CD1	0	1
P171	L	L329CD1	126	L10CD1,L10CD2,L25CD1,L25CD2,L30CD1,L30CD2,L46CD1,L46CD2,L53CD1,L53CD2,L54CD1,L54CD2,L64CD1,L64CD2,L85CD1,L85CD2,L88CD1,L88CD2,L91CD1,L91CD2,L117CD1,L117CD2,L128CD1,L128CD2,L174CD1,L174CD2,L178CD1,L178CD2,L198CD1,L198CD2,L202CD1,L202CD2,L230CD1,L230CD2,L231CD1,L231CD2,L236CD1,L236CD2,L240CD1,L240CD2,L269CD1,L269CD2,L285CD1,L285CD2,L286CD1,L286CD2,L290CD1,L290CD2,L291CD1,L291CD2,L293CD1,L293CD2,L298CD1,L298CD2,L313CD1,L313CD2,L329CD1,L329CD2,L334CD1,L334CD2,L335CD1,L335CD2,L343CD1,L343CD2,L362CD1,L362CD2,L372CD1,L372CD2,L375CD1,L375CD2,L405CD1,L405CD2,L413CD1,L413CD2,L420CD1,L420CD2,L433CD1,L433CD2,L435CD1,L435CD2,L454CD1,L454CD2,L471CD1,L471CD2,L491CD1,L491CD2,L494CD1,L494CD2,L498CD1,L498CD2,L514CD1,L514CD2,L526CD1,L526CD2,L543CD1,L543CD2,L546CD1,L546CD2,L572CD1,L572CD2,L573CD1,L573CD2,L576CD1,L576CD2,L577CD1,L577CD2,L596CD1,L596CD2,L604CD1,L604CD2,L628CD1,L628CD2,L635CD1,L635CD2,L646CD1,L646CD2,L660CD1,L660CD2,L699CD1,L699CD2,L711CD1,L711CD2,L712CD1,L712CD2,L717CD1,L717CD2	L471CD2	0	1
P172	I	I327CD1	25	I5CD1,I12CD1,I42CD1,I60CD1,I105CD1,I109CD1,I265CD1,I268CD1,I284CD1,I327CD1,I337CD1,I346CD1,I349CD1,I357CD1,I361CD1,I370CD1,I388CD1,I409CD1,I424CD1,I482CD1,I560CD1,I579CD1,I615CD1,I623CD1,I637CD1	I482CD1	0	1
P173	V	V490CG1	2	V490CG1,V490CG2	V490CG1	1	1
P174	V	V490CG2	2	V490CG1,V490CG2	V490CG2	1	1
P175	L	L491CD1	8	L435CD2,L491CD1,L491CD2,L494CD1,L494CD2,L498CD1,L572CD1,L572CD2	L491CD1	1	1
P176	L	L572CD1	8	L435CD2,L491CD1,L491CD2,L494CD1,L494CD2,L498CD1,L572CD1,L572CD2	L491CD2	0	1
P177	L	L491CD2	5	L435CD2,L491CD2,L494CD1,L494CD2,L498CD1	L494CD1	0	1
P178	L	L498CD1	5	L435CD2,L491CD2,L494CD1,L494CD2,L498CD1	L494CD2	0	1
P179	L	L494CD2	5	L435CD2,L494CD1,L494CD2,L498CD1,L498CD2	L498CD1	0	1
P180	L	L494CD1	5	L435CD2,L494CD1,L494CD2,L498CD1,L498CD2	L498CD2	0	1
P181	I	I504CD1	2	I449CD1,I504CD1	I504CD1	1	1
P182	L	L433CD2	126	L10CD1,L10CD2,L25CD1,L25CD2,L30CD1,L30CD2,L46CD1,L46CD2,L53CD1,L53CD2,L54CD1,L54CD2,L64CD1,L64CD2,L85CD1,L85CD2,L88CD1,L88CD2,L91CD1,L91CD2,L117CD1,L117CD2,L128CD1,L128CD2,L174CD1,L174CD2,L178CD1,L178CD2,L198CD1,L198CD2,L202CD1,L202CD2,L230CD1,L230CD2,L231CD1,L231CD2,L236CD1,L236CD2,L240CD1,L240CD2,L269CD1,L269CD2,L285CD1,L285CD2,L286CD1,L286CD2,L290CD1,L290CD2,L291CD1,L291CD2,L293CD1,L293CD2,L298CD1,L298CD2,L313CD1,L313CD2,L329CD1,L329CD2,L334CD1,L334CD2,L335CD1,L335CD2,L343CD1,L343CD2,L362CD1,L362CD2,L372CD1,L372CD2,L375CD1,L375CD2,L405CD1,L405CD2,L413CD1,L413CD2,L420CD1,L420CD2,L433CD1,L433CD2,L435CD1,L435CD2,L454CD1,L454CD2,L471CD1,L471CD2,L491CD1,L491CD2,L494CD1,L494CD2,L498CD1,L498CD2,L514CD1,L514CD2,L526CD1,L526CD2,L543CD1,L543CD2,L546CD1,L546CD2,L572CD1,L572CD2,L573CD1,L573CD2,L576CD1,L576CD2,L577CD1,L577CD2,L596CD1,L596CD2,L604CD1,L604CD2,L628CD1,L628CD2,L635CD1,L635CD2,L646CD1,L646CD2,L660CD1,L660CD2,L699CD1,L699CD2,L711CD1,L711CD2,L712CD1,L712CD2,L717CD1,L717CD2	L514CD1	0	1
P183	L	L433CD1	126	L10CD1,L10CD2,L25CD1,L25CD2,L30CD1,L30CD2,L46CD1,L46CD2,L53CD1,L53CD2,L54CD1,L54CD2,L64CD1,L64CD2,L85CD1,L85CD2,L88CD1,L88CD2,L91CD1,L91CD2,L117CD1,L117CD2,L128CD1,L128CD2,L174CD1,L174CD2,L178CD1,L178CD2,L198CD1,L198CD2,L202CD1,L202CD2,L230CD1,L230CD2,L231CD1,L231CD2,L236CD1,L236CD2,L240CD1,L240CD2,L269CD1,L269CD2,L285CD1,L285CD2,L286CD1,L286CD2,L290CD1,L290CD2,L291CD1,L291CD2,L293CD1,L293CD2,L298CD1,L298CD2,L313CD1,L313CD2,L329CD1,L329CD2,L334CD1,L334CD2,L335CD1,L335CD2,L343CD1,L343CD2,L362CD1,L362CD2,L372CD1,L372CD2,L375CD1,L375CD2,L405CD1,L405CD2,L413CD1,L413CD2,L420CD1,L420CD2,L433CD1,L433CD2,L435CD1,L435CD2,L454CD1,L454CD2,L471CD1,L471CD2,L491CD1,L491CD2,L494CD1,L494CD2,L498CD1,L498CD2,L514CD1,L514CD2,L526CD1,L526CD2,L543CD1,L543CD2,L546CD1,L546CD2,L572CD1,L572CD2,L573CD1,L573CD2,L576CD1,L576CD2,L577CD1,L577CD2,L596CD1,L596CD2,L604CD1,L604CD2,L628CD1,L628CD2,L635CD1,L635CD2,L646CD1,L646CD2,L660CD1,L660CD2,L699CD1,L699CD2,L711CD1,L711CD2,L712CD1,L712CD2,L717CD1,L717CD2	L514CD2	0	1
P184	L	L53CD1	126	L10CD1,L10CD2,L25CD1,L25CD2,L30CD1,L30CD2,L46CD1,L46CD2,L53CD1,L53CD2,L54CD1,L54CD2,L64CD1,L64CD2,L85CD1,L85CD2,L88CD1,L88CD2,L91CD1,L91CD2,L117CD1,L117CD2,L128CD1,L128CD2,L174CD1,L174CD2,L178CD1,L178CD2,L198CD1,L198CD2,L202CD1,L202CD2,L230CD1,L230CD2,L231CD1,L231CD2,L236CD1,L236CD2,L240CD1,L240CD2,L269CD1,L269CD2,L285CD1,L285CD2,L286CD1,L286CD2,L290CD1,L290CD2,L291CD1,L291CD2,L293CD1,L293CD2,L298CD1,L298CD2,L313CD1,L313CD2,L329CD1,L329CD2,L334CD1,L334CD2,L335CD1,L335CD2,L343CD1,L343CD2,L362CD1,L362CD2,L372CD1,L372CD2,L375CD1,L375CD2,L405CD1,L405CD2,L413CD1,L413CD2,L420CD1,L420CD2,L433CD1,L433CD2,L435CD1,L435CD2,L454CD1,L454CD2,L471CD1,L471CD2,L491CD1,L491CD2,L494CD1,L494CD2,L498CD1,L498CD2,L514CD1,L514CD2,L526CD1,L526CD2,L543CD1,L543CD2,L546CD1,L546CD2,L572CD1,L572CD2,L573CD1,L573CD2,L576CD1,L576CD2,L577CD1,L577CD2,L596CD1,L596CD2,L604CD1,L604CD2,L628CD1,L628CD2,L635CD1,L635CD2,L646CD1,L646CD2,L660CD1,L660CD2,L699CD1,L699CD2,L711CD1,L711CD2,L712CD1,L712CD2,L717CD1,L717CD2	L526CD1	0	1
P185	L	L53CD2	126	L10CD1,L10CD2,L25CD1,L25CD2,L30CD1,L30CD2,L46CD1,L46CD2,L53CD1,L53CD2,L54CD1,L54CD2,L64CD1,L64CD2,L85CD1,L85CD2,L88CD1,L88CD2,L91CD1,L91CD2,L117CD1,L117CD2,L128CD1,L128CD2,L174CD1,L174CD2,L178CD1,L178CD2,L198CD1,L198CD2,L202CD1,L202CD2,L230CD1,L230CD2,L231CD1,L231CD2,L236CD1,L236CD2,L240CD1,L240CD2,L269CD1,L269CD2,L285CD1,L285CD2,L286CD1,L286CD2,L290CD1,L290CD2,L291CD1,L291CD2,L293CD1,L293CD2,L298CD1,L298CD2,L313CD1,L313CD2,L329CD1,L329CD2,L334CD1,L334CD2,L335CD1,L335CD2,L343CD1,L343CD2,L362CD1,L362CD2,L372CD1,L372CD2,L375CD1,L375CD2,L405CD1,L405CD2,L413CD1,L413CD2,L420CD1,L420CD2,L433CD1,L433CD2,L435CD1,L435CD2,L454CD1,L454CD2,L471CD1,L471CD2,L491CD1,L491CD2,L494CD1,L494CD2,L498CD1,L498CD2,L514CD1,L514CD2,L526CD1,L526CD2,L543CD1,L543CD2,L546CD1,L546CD2,L572CD1,L572CD2,L573CD1,L573CD2,L576CD1,L576CD2,L577CD1,L577CD2,L596CD1,L596CD2,L604CD1,L604CD2,L628CD1,L628CD2,L635CD1,L635CD2,L646CD1,L646CD2,L660CD1,L660CD2,L699CD1,L699CD2,L711CD1,L711CD2,L712CD1,L712CD2,L717CD1,L717CD2	L526CD2	0	1
P186	V	V464CG1	66	V20CG1,V20CG2,V24CG1,V24CG2,V43CG1,V43CG2,V75CG1,V75CG2,V92CG1,V92CG2,V98CG1,V98CG2,V100CG1,V100CG2,V118CG1,V118CG2,V119CG1,V119CG2,V193CG1,V193CG2,V217CG1,V217CG2,V275CG1,V275CG2,V278CG1,V278CG2,V340CG1,V340CG2,V348CG1,V348CG2,V365CG1,V365CG2,V386CG1,V386CG2,V389CG1,V389CG2,V399CG1,V399CG2,V446CG1,V446CG2,V464CG1,V464CG2,V535CG1,V535CG2,V553CG1,V553CG2,V556CG1,V556CG2,V581CG1,V581CG2,V607CG1,V607CG2,V608CG1,V608CG2,V611CG1,V611CG2,V620CG1,V620CG2,V626CG1,V626CG2,V666CG1,V666CG2,V667CG1,V667CG2,V701CG1,V701CG2	V535CG1	0	1
P187	V	V464CG2	44	V20CG1,V20CG2,V75CG1,V75CG2,V98CG1,V98CG2,V100CG1,V100CG2,V118CG1,V118CG2,V119CG1,V119CG2,V275CG1,V275CG2,V278CG1,V278CG2,V340CG1,V340CG2,V348CG1,V348CG2,V389CG1,V389CG2,V399CG1,V399CG2,V446CG1,V446CG2,V464CG1,V464CG2,V535CG1,V535CG2,V581CG1,V581CG2,V607CG1,V607CG2,V608CG1,V608CG2,V611CG1,V611CG2,V620CG1,V620CG2,V666CG1,V666CG2,V667CG1,V667CG2	V535CG2	0	1
P188	L	L543CD1	5	L174CD1,L543CD1,L543CD2,L546CD1,L546CD2	L543CD1	1	1
P189	L	L543CD2	5	L174CD1,L543CD1,L543CD2,L546CD1,L546CD2	L543CD2	1	1
P190	L	L546CD1	5	L174CD1,L543CD1,L543CD2,L546CD1,L546CD2	L546CD1	1	1
P191	L	L546CD2	5	L174CD1,L543CD1,L543CD2,L546CD1,L546CD2	L546CD2	1	1
P192	V	V399CG2	66	V20CG1,V20CG2,V24CG1,V24CG2,V43CG1,V43CG2,V75CG1,V75CG2,V92CG1,V92CG2,V98CG1,V98CG2,V100CG1,V100CG2,V118CG1,V118CG2,V119CG1,V119CG2,V193CG1,V193CG2,V217CG1,V217CG2,V275CG1,V275CG2,V278CG1,V278CG2,V340CG1,V340CG2,V348CG1,V348CG2,V365CG1,V365CG2,V386CG1,V386CG2,V389CG1,V389CG2,V399CG1,V399CG2,V446CG1,V446CG2,V464CG1,V464CG2,V535CG1,V535CG2,V553CG1,V553CG2,V556CG1,V556CG2,V581CG1,V581CG2,V607CG1,V607CG2,V608CG1,V608CG2,V611CG1,V611CG2,V620CG1,V620CG2,V626CG1,V626CG2,V666CG1,V666CG2,V667CG1,V667CG2,V701CG1,V701CG2	V553CG1	0	1
P193	V	V399CG1	66	V20CG1,V20CG2,V24CG1,V24CG2,V43CG1,V43CG2,V75CG1,V75CG2,V92CG1,V92CG2,V98CG1,V98CG2,V100CG1,V100CG2,V118CG1,V118CG2,V119CG1,V119CG2,V193CG1,V193CG2,V217CG1,V217CG2,V275CG1,V275CG2,V278CG1,V278CG2,V340CG1,V340CG2,V348CG1,V348CG2,V365CG1,V365CG2,V386CG1,V386CG2,V389CG1,V389CG2,V399CG1,V399CG2,V446CG1,V446CG2,V464CG1,V464CG2,V535CG1,V535CG2,V553CG1,V553CG2,V556CG1,V556CG2,V581CG1,V581CG2,V607CG1,V607CG2,V608CG1,V608CG2,V611CG1,V611CG2,V620CG1,V620CG2,V626CG1,V626CG2,V666CG1,V666CG2,V667CG1,V667CG2,V701CG1,V701CG2	V553CG2	0	1
P194	V	V556CG1	2	V556CG1,V556CG2	V556CG1	1	1
P195	V	V556CG2	66	V20CG1,V20CG2,V24CG1,V24CG2,V43CG1,V43CG2,V75CG1,V75CG2,V92CG1,V92CG2,V98CG1,V98CG2,V100CG1,V100CG2,V118CG1,V118CG2,V119CG1,V119CG2,V193CG1,V193CG2,V217CG1,V217CG2,V275CG1,V275CG2,V278CG1,V278CG2,V340CG1,V340CG2,V348CG1,V348CG2,V365CG1,V365CG2,V386CG1,V386CG2,V389CG1,V389CG2,V399CG1,V399CG2,V446CG1,V446CG2,V464CG1,V464CG2,V535CG1,V535CG2,V553CG1,V553CG2,V556CG1,V556CG2,V581CG1,V581CG2,V607CG1,V607CG2,V608CG1,V608CG2,V611CG1,V611CG2,V620CG1,V620CG2,V626CG1,V626CG2,V666CG1,V666CG2,V667CG1,V667CG2,V701CG1,V701CG2	V556CG2	1	1
P196	I	I560CD1	25	I5CD1,I12CD1,I42CD1,I60CD1,I105CD1,I109CD1,I265CD1,I268CD1,I284CD1,I327CD1,I337CD1,I346CD1,I349CD1,I357CD1,I361CD1,I370CD1,I388CD1,I409CD1,I424CD1,I482CD1,I560CD1,I579CD1,I615CD1,I623CD1,I637CD1	I560CD1	1	1
P197	L	L343CD1	126	L10CD1,L10CD2,L25CD1,L25CD2,L30CD1,L30CD2,L46CD1,L46CD2,L53CD1,L53CD2,L54CD1,L54CD2,L64CD1,L64CD2,L85CD1,L85CD2,L88CD1,L88CD2,L91CD1,L91CD2,L117CD1,L117CD2,L128CD1,L128CD2,L174CD1,L174CD2,L178CD1,L178CD2,L198CD1,L198CD2,L202CD1,L202CD2,L230CD1,L230CD2,L231CD1,L231CD2,L236CD1,L236CD2,L240CD1,L240CD2,L269CD1,L269CD2,L285CD1,L285CD2,L286CD1,L286CD2,L290CD1,L290CD2,L291CD1,L291CD2,L293CD1,L293CD2,L298CD1,L298CD2,L313CD1,L313CD2,L329CD1,L329CD2,L334CD1,L334CD2,L335CD1,L335CD2,L343CD1,L343CD2,L362CD1,L362CD2,L372CD1,L372CD2,L375CD1,L375CD2,L405CD1,L405CD2,L413CD1,L413CD2,L420CD1,L420CD2,L433CD1,L433CD2,L435CD1,L435CD2,L454CD1,L454CD2,L471CD1,L471CD2,L491CD1,L491CD2,L494CD1,L494CD2,L498CD1,L498CD2,L514CD1,L514CD2,L526CD1,L526CD2,L543CD1,L543CD2,L546CD1,L546CD2,L572CD1,L572CD2,L573CD1,L573CD2,L576CD1,L576CD2,L577CD1,L577CD2,L596CD1,L596CD2,L604CD1,L604CD2,L628CD1,L628CD2,L635CD1,L635CD2,L646CD1,L646CD2,L660CD1,L660CD2,L699CD1,L699CD2,L711CD1,L711CD2,L712CD1,L712CD2,L717CD1,L717CD2	L572CD1	0	1
P198	L	L343CD2	126	L10CD1,L10CD2,L25CD1,L25CD2,L30CD1,L30CD2,L46CD1,L46CD2,L53CD1,L53CD2,L54CD1,L54CD2,L64CD1,L64CD2,L85CD1,L85CD2,L88CD1,L88CD2,L91CD1,L91CD2,L117CD1,L117CD2,L128CD1,L128CD2,L174CD1,L174CD2,L178CD1,L178CD2,L198CD1,L198CD2,L202CD1,L202CD2,L230CD1,L230CD2,L231CD1,L231CD2,L236CD1,L236CD2,L240CD1,L240CD2,L269CD1,L269CD2,L285CD1,L285CD2,L286CD1,L286CD2,L290CD1,L290CD2,L291CD1,L291CD2,L293CD1,L293CD2,L298CD1,L298CD2,L313CD1,L313CD2,L329CD1,L329CD2,L334CD1,L334CD2,L335CD1,L335CD2,L343CD1,L343CD2,L362CD1,L362CD2,L372CD1,L372CD2,L375CD1,L375CD2,L405CD1,L405CD2,L413CD1,L413CD2,L420CD1,L420CD2,L433CD1,L433CD2,L435CD1,L435CD2,L454CD1,L454CD2,L471CD1,L471CD2,L491CD1,L491CD2,L494CD1,L494CD2,L498CD1,L498CD2,L514CD1,L514CD2,L526CD1,L526CD2,L543CD1,L543CD2,L546CD1,L546CD2,L572CD1,L572CD2,L573CD1,L573CD2,L576CD1,L576CD2,L577CD1,L577CD2,L596CD1,L596CD2,L604CD1,L604CD2,L628CD1,L628CD2,L635CD1,L635CD2,L646CD1,L646CD2,L660CD1,L660CD2,L699CD1,L699CD2,L711CD1,L711CD2,L712CD1,L712CD2,L717CD1,L717CD2	L572CD2	0	1
P199	L	L313CD2	40	L64CD1,L64CD2,L85CD1,L85CD2,L88CD2,L91CD1,L91CD2,L117CD1,L117CD2,L128CD1,L128CD2,L269CD1,L269CD2,L286CD1,L286CD2,L290CD1,L290CD2,L291CD1,L291CD2,L293CD1,L293CD2,L298CD1,L298CD2,L313CD1,L313CD2,L334CD1,L334CD2,L335CD1,L335CD2,L433CD1,L433CD2,L435CD2,L572CD1,L572CD2,L573CD1,L573CD2,L576CD1,L576CD2,L577CD1,L577CD2	L573CD1	0	1
P200	L	L313CD1	40	L64CD1,L64CD2,L85CD1,L85CD2,L88CD2,L91CD1,L91CD2,L117CD1,L117CD2,L128CD1,L128CD2,L269CD1,L269CD2,L286CD1,L286CD2,L290CD1,L290CD2,L291CD1,L291CD2,L293CD1,L293CD2,L298CD1,L298CD2,L313CD1,L313CD2,L334CD1,L334CD2,L335CD1,L335CD2,L433CD1,L433CD2,L435CD2,L572CD1,L572CD2,L573CD1,L573CD2,L576CD1,L576CD2,L577CD1,L577CD2	L573CD2	0	1
P201	L	L334CD1	40	L64CD1,L64CD2,L85CD1,L85CD2,L88CD2,L91CD1,L91CD2,L117CD1,L117CD2,L128CD1,L128CD2,L269CD1,L269CD2,L286CD1,L286CD2,L290CD1,L290CD2,L291CD1,L291CD2,L293CD1,L293CD2,L298CD1,L298CD2,L313CD1,L313CD2,L334CD1,L334CD2,L335CD1,L335CD2,L433CD1,L433CD2,L435CD2,L572CD1,L572CD2,L573CD1,L573CD2,L576CD1,L576CD2,L577CD1,L577CD2	L576CD1	0	1
P202	L	L334CD2	40	L64CD1,L64CD2,L85CD1,L85CD2,L88CD2,L91CD1,L91CD2,L117CD1,L117CD2,L128CD1,L128CD2,L269CD1,L269CD2,L286CD1,L286CD2,L290CD1,L290CD2,L291CD1,L291CD2,L293CD1,L293CD2,L298CD1,L298CD2,L313CD1,L313CD2,L334CD1,L334CD2,L335CD1,L335CD2,L433CD1,L433CD2,L435CD2,L572CD1,L572CD2,L573CD1,L573CD2,L576CD1,L576CD2,L577CD1,L577CD2	L576CD2	0	1
P203	L	L128CD2	40	L64CD1,L64CD2,L85CD1,L85CD2,L88CD2,L91CD1,L91CD2,L117CD1,L117CD2,L128CD1,L128CD2,L269CD1,L269CD2,L286CD1,L286CD2,L290CD1,L290CD2,L291CD1,L291CD2,L293CD1,L293CD2,L298CD1,L298CD2,L313CD1,L313CD2,L334CD1,L334CD2,L335CD1,L335CD2,L433CD1,L433CD2,L435CD2,L572CD1,L572CD2,L573CD1,L573CD2,L576CD1,L576CD2,L577CD1,L577CD2	L577CD1	0	1
P204	L	L298CD2	32	L64CD1,L64CD2,L85CD1,L85CD2,L88CD2,L91CD1,L91CD2,L117CD2,L128CD2,L269CD1,L269CD2,L286CD1,L286CD2,L290CD1,L290CD2,L293CD1,L293CD2,L298CD1,L298CD2,L313CD1,L313CD2,L334CD1,L335CD1,L335CD2,L433CD1,L433CD2,L573CD1,L573CD2,L576CD1,L576CD2,L577CD1,L577CD2	L577CD2	0	1
P205	I	I268CD1	25	I5CD1,I12CD1,I42CD1,I60CD1,I105CD1,I109CD1,I265CD1,I268CD1,I284CD1,I327CD1,I337CD1,I346CD1,I349CD1,I357CD1,I361CD1,I370CD1,I388CD1,I409CD1,I424CD1,I482CD1,I560CD1,I579CD1,I615CD1,I623CD1,I637CD1	I579CD1	0	1
P206	V	V92CG1	66	V20CG1,V20CG2,V24CG1,V24CG2,V43CG1,V43CG2,V75CG1,V75CG2,V92CG1,V92CG2,V98CG1,V98CG2,V100CG1,V100CG2,V118CG1,V118CG2,V119CG1,V119CG2,V193CG1,V193CG2,V217CG1,V217CG2,V275CG1,V275CG2,V278CG1,V278CG2,V340CG1,V340CG2,V348CG1,V348CG2,V365CG1,V365CG2,V386CG1,V386CG2,V389CG1,V389CG2,V399CG1,V399CG2,V446CG1,V446CG2,V464CG1,V464CG2,V535CG1,V535CG2,V553CG1,V553CG2,V556CG1,V556CG2,V581CG1,V581CG2,V607CG1,V607CG2,V608CG1,V608CG2,V611CG1,V611CG2,V620CG1,V620CG2,V626CG1,V626CG2,V666CG1,V666CG2,V667CG1,V667CG2,V701CG1,V701CG2	V581CG1	0	1
P207	V	V92CG2	66	V20CG1,V20CG2,V24CG1,V24CG2,V43CG1,V43CG2,V75CG1,V75CG2,V92CG1,V92CG2,V98CG1,V98CG2,V100CG1,V100CG2,V118CG1,V118CG2,V119CG1,V119CG2,V193CG1,V193CG2,V217CG1,V217CG2,V275CG1,V275CG2,V278CG1,V278CG2,V340CG1,V340CG2,V348CG1,V348CG2,V365CG1,V365CG2,V386CG1,V386CG2,V389CG1,V389CG2,V399CG1,V399CG2,V446CG1,V446CG2,V464CG1,V464CG2,V535CG1,V535CG2,V553CG1,V553CG2,V556CG1,V556CG2,V581CG1,V581CG2,V607CG1,V607CG2,V608CG1,V608CG2,V611CG1,V611CG2,V620CG1,V620CG2,V626CG1,V626CG2,V666CG1,V666CG2,V667CG1,V667CG2,V701CG1,V701CG2	V581CG2	0	1
P208	I	I592CD1	2	I592CD1,I650CD1	I592CD1	1	1
P209	L	L646CD2	4	L596CD1,L596CD2,L646CD1,L646CD2	L596CD1	0	1
P210	L	L646CD1	4	L596CD1,L596CD2,L646CD1,L646CD2	L596CD2	0	1
P211	V	V600CG1	4	V600CG1,V600CG2,V656CG1,V656CG2	V600CG1	1	1
P212	V	V600CG2	4	V600CG1,V600CG2,V656CG1,V656CG2	V600CG2	1	1
P213	I	I603CD1	2	I603CD1,I697CD1	I603CD1	1	1
P214	L	L604CD1	3	L604CD1,L604CD2,L660CD2	L604CD1	1	1
P215	L	L604CD2	3	L604CD1,L604CD2,L660CD1	L604CD2	1	1
P216	V	V607CG1	4	V607CG1,V607CG2,V611CG1,V611CG2	V607CG1	1	1
P217	V	V607CG2	4	V607CG1,V607CG2,V611CG1,V611CG2	V607CG2	1	1
P218	V	V667CG1	9	V607CG1,V607CG2,V608CG1,V608CG2,V611CG2,V666CG1,V666CG2,V667CG1,V667CG2	V608CG1	0	1
P219	V	V667CG2	66	V20CG1,V20CG2,V24CG1,V24CG2,V43CG1,V43CG2,V75CG1,V75CG2,V92CG1,V92CG2,V98CG1,V98CG2,V100CG1,V100CG2,V118CG1,V118CG2,V119CG1,V119CG2,V193CG1,V193CG2,V217CG1,V217CG2,V275CG1,V275CG2,V278CG1,V278CG2,V340CG1,V340CG2,V348CG1,V348CG2,V365CG1,V365CG2,V386CG1,V386CG2,V389CG1,V389CG2,V399CG1,V399CG2,V446CG1,V446CG2,V464CG1,V464CG2,V535CG1,V535CG2,V553CG1,V553CG2,V556CG1,V556CG2,V581CG1,V581CG2,V607CG1,V607CG2,V608CG1,V608CG2,V611CG1,V611CG2,V620CG1,V620CG2,V626CG1,V626CG2,V666CG1,V666CG2,V667CG1,V667CG2,V701CG1,V701CG2	V608CG2	0	1
P220	V	V626CG2	66	V20CG1,V20CG2,V24CG1,V24CG2,V43CG1,V43CG2,V75CG1,V75CG2,V92CG1,V92CG2,V98CG1,V98CG2,V100CG1,V100CG2,V118CG1,V118CG2,V119CG1,V119CG2,V193CG1,V193CG2,V217CG1,V217CG2,V275CG1,V275CG2,V278CG1,V278CG2,V340CG1,V340CG2,V348CG1,V348CG2,V365CG1,V365CG2,V386CG1,V386CG2,V389CG1,V389CG2,V399CG1,V399CG2,V446CG1,V446CG2,V464CG1,V464CG2,V535CG1,V535CG2,V553CG1,V553CG2,V556CG1,V556CG2,V581CG1,V581CG2,V607CG1,V607CG2,V608CG1,V608CG2,V611CG1,V611CG2,V620CG1,V620CG2,V626CG1,V626CG2,V666CG1,V666CG2,V667CG1,V667CG2,V701CG1,V701CG2	V611CG1	0	1
P221	V	V626CG1	66	V20CG1,V20CG2,V24CG1,V24CG2,V43CG1,V43CG2,V75CG1,V75CG2,V92CG1,V92CG2,V98CG1,V98CG2,V100CG1,V100CG2,V118CG1,V118CG2,V119CG1,V119CG2,V193CG1,V193CG2,V217CG1,V217CG2,V275CG1,V275CG2,V278CG1,V278CG2,V340CG1,V340CG2,V348CG1,V348CG2,V365CG1,V365CG2,V386CG1,V386CG2,V389CG1,V389CG2,V399CG1,V399CG2,V446CG1,V446CG2,V464CG1,V464CG2,V535CG1,V535CG2,V553CG1,V553CG2,V556CG1,V556CG2,V581CG1,V581CG2,V607CG1,V607CG2,V608CG1,V608CG2,V611CG1,V611CG2,V620CG1,V620CG2,V626CG1,V626CG2,V666CG1,V666CG2,V667CG1,V667CG2,V701CG1,V701CG2	V611CG2	0	1
P222	I	I482CD1	25	I5CD1,I12CD1,I42CD1,I60CD1,I105CD1,I109CD1,I265CD1,I268CD1,I284CD1,I327CD1,I337CD1,I346CD1,I349CD1,I357CD1,I361CD1,I370CD1,I388CD1,I409CD1,I424CD1,I482CD1,I560CD1,I579CD1,I615CD1,I623CD1,I637CD1	I615CD1	0	1
P223	V	V278CG2	66	V20CG1,V20CG2,V24CG1,V24CG2,V43CG1,V43CG2,V75CG1,V75CG2,V92CG1,V92CG2,V98CG1,V98CG2,V100CG1,V100CG2,V118CG1,V118CG2,V119CG1,V119CG2,V193CG1,V193CG2,V217CG1,V217CG2,V275CG1,V275CG2,V278CG1,V278CG2,V340CG1,V340CG2,V348CG1,V348CG2,V365CG1,V365CG2,V386CG1,V386CG2,V389CG1,V389CG2,V399CG1,V399CG2,V446CG1,V446CG2,V464CG1,V464CG2,V535CG1,V535CG2,V553CG1,V553CG2,V556CG1,V556CG2,V581CG1,V581CG2,V607CG1,V607CG2,V608CG1,V608CG2,V611CG1,V611CG2,V620CG1,V620CG2,V626CG1,V626CG2,V666CG1,V666CG2,V667CG1,V667CG2,V701CG1,V701CG2	V620CG1	0	1
P224	I	I60CD1	25	I5CD1,I12CD1,I42CD1,I60CD1,I105CD1,I109CD1,I265CD1,I268CD1,I284CD1,I327CD1,I337CD1,I346CD1,I349CD1,I357CD1,I361CD1,I370CD1,I388CD1,I409CD1,I424CD1,I482CD1,I560CD1,I579CD1,I615CD1,I623CD1,I637CD1	I623CD1	0	1
P225	V	V620CG2	66	V20CG1,V20CG2,V24CG1,V24CG2,V43CG1,V43CG2,V75CG1,V75CG2,V92CG1,V92CG2,V98CG1,V98CG2,V100CG1,V100CG2,V118CG1,V118CG2,V119CG1,V119CG2,V193CG1,V193CG2,V217CG1,V217CG2,V275CG1,V275CG2,V278CG1,V278CG2,V340CG1,V340CG2,V348CG1,V348CG2,V365CG1,V365CG2,V386CG1,V386CG2,V389CG1,V389CG2,V399CG1,V399CG2,V446CG1,V446CG2,V464CG1,V464CG2,V535CG1,V535CG2,V553CG1,V553CG2,V556CG1,V556CG2,V581CG1,V581CG2,V607CG1,V607CG2,V608CG1,V608CG2,V611CG1,V611CG2,V620CG1,V620CG2,V626CG1,V626CG2,V666CG1,V666CG2,V667CG1,V667CG2,V701CG1,V701CG2	V626CG1	0	1
P226	V	V620CG1	66	V20CG1,V20CG2,V24CG1,V24CG2,V43CG1,V43CG2,V75CG1,V75CG2,V92CG1,V92CG2,V98CG1,V98CG2,V100CG1,V100CG2,V118CG1,V118CG2,V119CG1,V119CG2,V193CG1,V193CG2,V217CG1,V217CG2,V275CG1,V275CG2,V278CG1,V278CG2,V340CG1,V340CG2,V348CG1,V348CG2,V365CG1,V365CG2,V386CG1,V386CG2,V389CG1,V389CG2,V399CG1,V399CG2,V446CG1,V446CG2,V464CG1,V464CG2,V535CG1,V535CG2,V553CG1,V553CG2,V556CG1,V556CG2,V581CG1,V581CG2,V607CG1,V607CG2,V608CG1,V608CG2,V611CG1,V611CG2,V620CG1,V620CG2,V626CG1,V626CG2,V666CG1,V666CG2,V667CG1,V667CG2,V701CG1,V701CG2	V626CG2	0	1
P227	L	L291CD1	126	L10CD1,L10CD2,L25CD1,L25CD2,L30CD1,L30CD2,L46CD1,L46CD2,L53CD1,L53CD2,L54CD1,L54CD2,L64CD1,L64CD2,L85CD1,L85CD2,L88CD1,L88CD2,L91CD1,L91CD2,L117CD1,L117CD2,L128CD1,L128CD2,L174CD1,L174CD2,L178CD1,L178CD2,L198CD1,L198CD2,L202CD1,L202CD2,L230CD1,L230CD2,L231CD1,L231CD2,L236CD1,L236CD2,L240CD1,L240CD2,L269CD1,L269CD2,L285CD1,L285CD2,L286CD1,L286CD2,L290CD1,L290CD2,L291CD1,L291CD2,L293CD1,L293CD2,L298CD1,L298CD2,L313CD1,L313CD2,L329CD1,L329CD2,L334CD1,L334CD2,L335CD1,L335CD2,L343CD1,L343CD2,L362CD1,L362CD2,L372CD1,L372CD2,L375CD1,L375CD2,L405CD1,L405CD2,L413CD1,L413CD2,L420CD1,L420CD2,L433CD1,L433CD2,L435CD1,L435CD2,L454CD1,L454CD2,L471CD1,L471CD2,L491CD1,L491CD2,L494CD1,L494CD2,L498CD1,L498CD2,L514CD1,L514CD2,L526CD1,L526CD2,L543CD1,L543CD2,L546CD1,L546CD2,L572CD1,L572CD2,L573CD1,L573CD2,L576CD1,L576CD2,L577CD1,L577CD2,L596CD1,L596CD2,L604CD1,L604CD2,L628CD1,L628CD2,L635CD1,L635CD2,L646CD1,L646CD2,L660CD1,L660CD2,L699CD1,L699CD2,L711CD1,L711CD2,L712CD1,L712CD2,L717CD1,L717CD2	L628CD1	0	1
P228	L	L291CD2	126	L10CD1,L10CD2,L25CD1,L25CD2,L30CD1,L30CD2,L46CD1,L46CD2,L53CD1,L53CD2,L54CD1,L54CD2,L64CD1,L64CD2,L85CD1,L85CD2,L88CD1,L88CD2,L91CD1,L91CD2,L117CD1,L117CD2,L128CD1,L128CD2,L174CD1,L174CD2,L178CD1,L178CD2,L198CD1,L198CD2,L202CD1,L202CD2,L230CD1,L230CD2,L231CD1,L231CD2,L236CD1,L236CD2,L240CD1,L240CD2,L269CD1,L269CD2,L285CD1,L285CD2,L286CD1,L286CD2,L290CD1,L290CD2,L291CD1,L291CD2,L293CD1,L293CD2,L298CD1,L298CD2,L313CD1,L313CD2,L329CD1,L329CD2,L334CD1,L334CD2,L335CD1,L335CD2,L343CD1,L343CD2,L362CD1,L362CD2,L372CD1,L372CD2,L375CD1,L375CD2,L405CD1,L405CD2,L413CD1,L413CD2,L420CD1,L420CD2,L433CD1,L433CD2,L435CD1,L435CD2,L454CD1,L454CD2,L471CD1,L471CD2,L491CD1,L491CD2,L494CD1,L494CD2,L498CD1,L498CD2,L514CD1,L514CD2,L526CD1,L526CD2,L543CD1,L543CD2,L546CD1,L546CD2,L572CD1,L572CD2,L573CD1,L573CD2,L576CD1,L576CD2,L577CD1,L577CD2,L596CD1,L596CD2,L604CD1,L604CD2,L628CD1,L628CD2,L635CD1,L635CD2,L646CD1,L646CD2,L660CD1,L660CD2,L699CD1,L699CD2,L711CD1,L711CD2,L712CD1,L712CD2,L717CD1,L717CD2	L628CD2	0	1
P229	L	L635CD1	7	L604CD2,L635CD1,L635CD2,L660CD2,L696CD1,L696CD2,L711CD1	L635CD1	1	1
P230	L	L635CD2	12	L604CD2,L635CD1,L635CD2,L660CD2,L696CD1,L696CD2,L699CD1,L699CD2,L711CD1,L711CD2,L712CD1,L712CD2	L635CD2	1	1
P231	I	I642CD1	1	I642CD1	I642CD1	1	1
P232	L	L596CD2	4	L596CD1,L596CD2,L646CD1,L646CD2	L646CD1	0	1
P233	L	L286CD1	126	L10CD1,L10CD2,L25CD1,L25CD2,L30CD1,L30CD2,L46CD1,L46CD2,L53CD1,L53CD2,L54CD1,L54CD2,L64CD1,L64CD2,L85CD1,L85CD2,L88CD1,L88CD2,L91CD1,L91CD2,L117CD1,L117CD2,L128CD1,L128CD2,L174CD1,L174CD2,L178CD1,L178CD2,L198CD1,L198CD2,L202CD1,L202CD2,L230CD1,L230CD2,L231CD1,L231CD2,L236CD1,L236CD2,L240CD1,L240CD2,L269CD1,L269CD2,L285CD1,L285CD2,L286CD1,L286CD2,L290CD1,L290CD2,L291CD1,L291CD2,L293CD1,L293CD2,L298CD1,L298CD2,L313CD1,L313CD2,L329CD1,L329CD2,L334CD1,L334CD2,L335CD1,L335CD2,L343CD1,L343CD2,L362CD1,L362CD2,L372CD1,L372CD2,L375CD1,L375CD2,L405CD1,L405CD2,L413CD1,L413CD2,L420CD1,L420CD2,L433CD1,L433CD2,L435CD1,L435CD2,L454CD1,L454CD2,L471CD1,L471CD2,L491CD1,L491CD2,L494CD1,L494CD2,L498CD1,L498CD2,L514CD1,L514CD2,L526CD1,L526CD2,L543CD1,L543CD2,L546CD1,L546CD2,L572CD1,L572CD2,L573CD1,L573CD2,L576CD1,L576CD2,L577CD1,L577CD2,L596CD1,L596CD2,L604CD1,L604CD2,L628CD1,L628CD2,L635CD1,L635CD2,L646CD1,L646CD2,L660CD1,L660CD2,L699CD1,L699CD2,L711CD1,L711CD2,L712CD1,L712CD2,L717CD1,L717CD2	L646CD2	0	1
P234	I	I650CD1	2	I592CD1,I650CD1	I650CD1	1	1
P235	L	L651CD1	2	L651CD1,L651CD2	L651CD1	1	1
P236	L	L651CD2	2	L651CD1,L651CD2	L651CD2	1	1
P237	V	V656CG1	3	V600CG1,V656CG1,V656CG2	V656CG1	1	1
P238	V	V656CG2	3	V600CG2,V656CG1,V656CG2	V656CG2	1	1
P239	L	L660CD1	7	L596CD1,L596CD2,L604CD1,L604CD2,L646CD1,L660CD1,L660CD2	L660CD1	1	1
P240	L	L660CD2	8	L596CD1,L596CD2,L604CD1,L604CD2,L635CD1,L646CD1,L660CD1,L660CD2	L660CD2	1	1
P241	V	V98CG1	66	V20CG1,V20CG2,V24CG1,V24CG2,V43CG1,V43CG2,V75CG1,V75CG2,V92CG1,V92CG2,V98CG1,V98CG2,V100CG1,V100CG2,V118CG1,V118CG2,V119CG1,V119CG2,V193CG1,V193CG2,V217CG1,V217CG2,V275CG1,V275CG2,V278CG1,V278CG2,V340CG1,V340CG2,V348CG1,V348CG2,V365CG1,V365CG2,V386CG1,V386CG2,V389CG1,V389CG2,V399CG1,V399CG2,V446CG1,V446CG2,V464CG1,V464CG2,V535CG1,V535CG2,V553CG1,V553CG2,V556CG1,V556CG2,V581CG1,V581CG2,V607CG1,V607CG2,V608CG1,V608CG2,V611CG1,V611CG2,V620CG1,V620CG2,V626CG1,V626CG2,V666CG1,V666CG2,V667CG1,V667CG2,V701CG1,V701CG2	V666CG1	0	1
P242	V	V98CG2	66	V20CG1,V20CG2,V24CG1,V24CG2,V43CG1,V43CG2,V75CG1,V75CG2,V92CG1,V92CG2,V98CG1,V98CG2,V100CG1,V100CG2,V118CG1,V118CG2,V119CG1,V119CG2,V193CG1,V193CG2,V217CG1,V217CG2,V275CG1,V275CG2,V278CG1,V278CG2,V340CG1,V340CG2,V348CG1,V348CG2,V365CG1,V365CG2,V386CG1,V386CG2,V389CG1,V389CG2,V399CG1,V399CG2,V446CG1,V446CG2,V464CG1,V464CG2,V535CG1,V535CG2,V553CG1,V553CG2,V556CG1,V556CG2,V581CG1,V581CG2,V607CG1,V607CG2,V608CG1,V608CG2,V611CG1,V611CG2,V620CG1,V620CG2,V626CG1,V626CG2,V666CG1,V666CG2,V667CG1,V667CG2,V701CG1,V701CG2	V666CG2	0	1
P243	V	V608CG1	9	V607CG1,V607CG2,V608CG1,V608CG2,V611CG2,V666CG1,V666CG2,V667CG1,V667CG2	V667CG1	0	1
P244	V	V608CG2	9	V607CG1,V607CG2,V608CG1,V608CG2,V611CG2,V666CG1,V666CG2,V667CG1,V667CG2	V667CG2	0	1
P245	L	L696CD2	3	L635CD2,L696CD1,L696CD2	L696CD1	0	1
P246	L	L696CD1	3	L635CD1,L696CD1,L696CD2	L696CD2	0	1
P247	I	I697CD1	2	I603CD1,I697CD1	I697CD1	1	1
P248	L	L572CD2	126	L10CD1,L10CD2,L25CD1,L25CD2,L30CD1,L30CD2,L46CD1,L46CD2,L53CD1,L53CD2,L54CD1,L54CD2,L64CD1,L64CD2,L85CD1,L85CD2,L88CD1,L88CD2,L91CD1,L91CD2,L117CD1,L117CD2,L128CD1,L128CD2,L174CD1,L174CD2,L178CD1,L178CD2,L198CD1,L198CD2,L202CD1,L202CD2,L230CD1,L230CD2,L231CD1,L231CD2,L236CD1,L236CD2,L240CD1,L240CD2,L269CD1,L269CD2,L285CD1,L285CD2,L286CD1,L286CD2,L290CD1,L290CD2,L291CD1,L291CD2,L293CD1,L293CD2,L298CD1,L298CD2,L313CD1,L313CD2,L329CD1,L329CD2,L334CD1,L334CD2,L335CD1,L335CD2,L343CD1,L343CD2,L362CD1,L362CD2,L372CD1,L372CD2,L375CD1,L375CD2,L405CD1,L405CD2,L413CD1,L413CD2,L420CD1,L420CD2,L433CD1,L433CD2,L435CD1,L435CD2,L454CD1,L454CD2,L471CD1,L471CD2,L491CD1,L491CD2,L494CD1,L494CD2,L498CD1,L498CD2,L514CD1,L514CD2,L526CD1,L526CD2,L543CD1,L543CD2,L546CD1,L546CD2,L572CD1,L572CD2,L573CD1,L573CD2,L576CD1,L576CD2,L577CD1,L577CD2,L596CD1,L596CD2,L604CD1,L604CD2,L628CD1,L628CD2,L635CD1,L635CD2,L646CD1,L646CD2,L660CD1,L660CD2,L699CD1,L699CD2,L711CD1,L711CD2,L712CD1,L712CD2,L717CD1,L717CD2	L699CD1	0	1
P249	L	L498CD2	126	L10CD1,L10CD2,L25CD1,L25CD2,L30CD1,L30CD2,L46CD1,L46CD2,L53CD1,L53CD2,L54CD1,L54CD2,L64CD1,L64CD2,L85CD1,L85CD2,L88CD1,L88CD2,L91CD1,L91CD2,L117CD1,L117CD2,L128CD1,L128CD2,L174CD1,L174CD2,L178CD1,L178CD2,L198CD1,L198CD2,L202CD1,L202CD2,L230CD1,L230CD2,L231CD1,L231CD2,L236CD1,L236CD2,L240CD1,L240CD2,L269CD1,L269CD2,L285CD1,L285CD2,L286CD1,L286CD2,L290CD1,L290CD2,L291CD1,L291CD2,L293CD1,L293CD2,L298CD1,L298CD2,L313CD1,L313CD2,L329CD1,L329CD2,L334CD1,L334CD2,L335CD1,L335CD2,L343CD1,L343CD2,L362CD1,L362CD2,L372CD1,L372CD2,L375CD1,L375CD2,L405CD1,L405CD2,L413CD1,L413CD2,L420CD1,L420CD2,L433CD1,L433CD2,L435CD1,L435CD2,L454CD1,L454CD2,L471CD1,L471CD2,L491CD1,L491CD2,L494CD1,L494CD2,L498CD1,L498CD2,L514CD1,L514CD2,L526CD1,L526CD2,L543CD1,L543CD2,L546CD1,L546CD2,L572CD1,L572CD2,L573CD1,L573CD2,L576CD1,L576CD2,L577CD1,L577CD2,L596CD1,L596CD2,L604CD1,L604CD2,L628CD1,L628CD2,L635CD1,L635CD2,L646CD1,L646CD2,L660CD1,L660CD2,L699CD1,L699CD2,L711CD1,L711CD2,L712CD1,L712CD2,L717CD1,L717CD2	L699CD2	0	1
P250	V	V666CG1	66	V20CG1,V20CG2,V24CG1,V24CG2,V43CG1,V43CG2,V75CG1,V75CG2,V92CG1,V92CG2,V98CG1,V98CG2,V100CG1,V100CG2,V118CG1,V118CG2,V119CG1,V119CG2,V193CG1,V193CG2,V217CG1,V217CG2,V275CG1,V275CG2,V278CG1,V278CG2,V340CG1,V340CG2,V348CG1,V348CG2,V365CG1,V365CG2,V386CG1,V386CG2,V389CG1,V389CG2,V399CG1,V399CG2,V446CG1,V446CG2,V464CG1,V464CG2,V535CG1,V535CG2,V553CG1,V553CG2,V556CG1,V556CG2,V581CG1,V581CG2,V607CG1,V607CG2,V608CG1,V608CG2,V611CG1,V611CG2,V620CG1,V620CG2,V626CG1,V626CG2,V666CG1,V666CG2,V667CG1,V667CG2,V701CG1,V701CG2	V701CG1	0	1
P251	V	V666CG2	66	V20CG1,V20CG2,V24CG1,V24CG2,V43CG1,V43CG2,V75CG1,V75CG2,V92CG1,V92CG2,V98CG1,V98CG2,V100CG1,V100CG2,V118CG1,V118CG2,V119CG1,V119CG2,V193CG1,V193CG2,V217CG1,V217CG2,V275CG1,V275CG2,V278CG1,V278CG2,V340CG1,V340CG2,V348CG1,V348CG2,V365CG1,V365CG2,V386CG1,V386CG2,V389CG1,V389CG2,V399CG1,V399CG2,V446CG1,V446CG2,V464CG1,V464CG2,V535CG1,V535CG2,V553CG1,V553CG2,V556CG1,V556CG2,V581CG1,V581CG2,V607CG1,V607CG2,V608CG1,V608CG2,V611CG1,V611CG2,V620CG1,V620CG2,V626CG1,V626CG2,V666CG1,V666CG2,V667CG1,V667CG2,V701CG1,V701CG2	V701CG2	0	1
P252	L	L712CD2	12	L604CD2,L635CD1,L635CD2,L660CD2,L696CD1,L696CD2,L699CD1,L699CD2,L711CD1,L711CD2,L712CD1,L712CD2	L711CD1	0	1
P253	L	L712CD1	12	L604CD2,L635CD1,L635CD2,L660CD2,L696CD1,L696CD2,L699CD1,L699CD2,L711CD1,L711CD2,L712CD1,L712CD2	L711CD2	0	1
P254	L	L711CD2	12	L604CD2,L635CD1,L635CD2,L660CD2,L696CD1,L696CD2,L699CD1,L699CD2,L711CD1,L711CD2,L712CD1,L712CD2	L712CD1	0	1
P255	L	L711CD1	12	L604CD2,L635CD1,L635CD2,L660CD2,L696CD1,L696CD2,L699CD1,L699CD2,L711CD1,L711CD2,L712CD1,L712CD2	L712CD2	0	1
P256	L	L699CD1	85	L10CD1,L10CD2,L25CD1,L25CD2,L30CD1,L46CD1,L46CD2,L53CD1,L53CD2,L64CD1,L64CD2,L85CD1,L85CD2,L88CD2,L91CD1,L91CD2,L117CD1,L117CD2,L178CD2,L198CD2,L230CD1,L230CD2,L231CD1,L231CD2,L236CD1,L236CD2,L269CD1,L269CD2,L285CD1,L286CD1,L286CD2,L290CD1,L290CD2,L291CD1,L291CD2,L293CD1,L293CD2,L298CD2,L329CD1,L329CD2,L334CD1,L335CD1,L335CD2,L343CD2,L362CD1,L362CD2,L372CD1,L372CD2,L375CD1,L375CD2,L405CD1,L405CD2,L413CD1,L413CD2,L420CD1,L420CD2,L433CD1,L435CD1,L471CD1,L471CD2,L514CD1,L514CD2,L526CD1,L526CD2,L543CD1,L573CD1,L577CD1,L577CD2,L604CD1,L604CD2,L628CD1,L628CD2,L635CD1,L635CD2,L646CD1,L646CD2,L660CD2,L699CD1,L699CD2,L711CD1,L711CD2,L712CD1,L712CD2,L717CD1,L717CD2	L717CD1	0	1
P257	L	L699CD2	85	L10CD1,L10CD2,L25CD1,L25CD2,L30CD1,L46CD1,L46CD2,L53CD1,L53CD2,L64CD1,L64CD2,L85CD1,L85CD2,L88CD2,L91CD1,L91CD2,L117CD1,L117CD2,L178CD2,L198CD2,L230CD1,L230CD2,L231CD1,L231CD2,L236CD1,L236CD2,L269CD1,L269CD2,L285CD1,L286CD1,L286CD2,L290CD1,L290CD2,L291CD1,L291CD2,L293CD1,L293CD2,L298CD2,L329CD1,L329CD2,L334CD1,L335CD1,L335CD2,L343CD2,L362CD1,L362CD2,L372CD1,L372CD2,L375CD1,L375CD2,L405CD1,L405CD2,L413CD1,L413CD2,L420CD1,L420CD2,L433CD1,L435CD1,L471CD1,L471CD2,L514CD1,L514CD2,L526CD1,L526CD2,L543CD1,L573CD1,L577CD1,L577CD2,L604CD1,L604CD2,L628CD1,L628CD2,L635CD1,L635CD2,L646CD1,L646CD2,L660CD2,L699CD1,L699CD2,L711CD1,L711CD2,L712CD1,L712CD2,L717CD1,L717CD2	L717CD2	0	1
