resnum	res_type	atom	H_ppm	C_ppm
5	I	CD1	0.82	12.833
10	L	CD1	0.915	24.486
10	L	CD2	0.868	22.364
12	I	CD1	0.008	15.537
20	V	CG1	0.463	21.566
20	V	CG2	0.739	23.955
24	V	CG1	0.541	20.604
24	V	CG2	0.137	22.556
25	L	CD1	0.295	24.621
25	L	CD2	-0.285	20.071
30	L	CD1	0.755	25.838
30	L	CD2	0.817	22.144
42	I	CD1	0.68	14.704
43	V	CG1	0.678	20.943
43	V	CG2	1.051	24.763
46	L	CD1	0.806	26.301
46	L	CD2	0.827	22.903
53	L	CD1	0.305	25.988
53	L	CD2	0.732	22.305
54	L	CD1	1.101	24.942
54	L	CD2	0.673	19.976
60	I	CD1	0.769	12.12
64	L	CD1	0.904	25.428
64	L	CD2	0.751	24.554
75	V	CG1	0.811	21.936
75	V	CG2	0.815	20.637
85	L	CD1	-0.085	24.801
85	L	CD2	-0.21	20.081
88	L	CD1	0.823	23.547
88	L	CD2	0.674	25.333
91	L	CD1	0.901	25.353
91	L	CD2	0.903	24.612
92	V	CG1	0.759	20.674
92	V	CG2	0.683	18.64
98	V	CG1	0.852	20.318
98	V	CG2	0.988	22.292
100	V	CG1	0.958	21.311
100	V	CG2	0.857	22.218
105	I	CD1	0.81	10.255
109	I	CD1	0.724	14.49
117	L	CD1	0.578	25.348
117	L	CD2	0.593	26.534
118	V	CG1	0.23	19.382
118	V	CG2	-0.834	17.697
119	V	CG1	0.737	21.619
119	V	CG2	0.687	18.891
128	L	CD1	0.572	24.941
128	L	CD2	0.607	24.322
138	L	CD1	0.768	23.192
138	L	CD2	0.748	26.304
142	L	CD1	0.456	27.936
142	L	CD2	-0.448	21.862
147	I	CD1	0.262	13.61
148	I	CD1	0.39	11.341
155	V	CG1	0.949	21.001
155	V	CG2	0.934	19.757
166	V	CG1	0.848	21.207
166	V	CG2	0.924	22.805
167	I	CD1	0.831	14.215
170	V	CG1	1.178	22.279
170	V	CG2	1.376	25.567
174	L	CD1	0.842	23.827
178	L	CD1	0.611	26.784
178	L	CD2	0.726	26.758
180	L	CD1	-0.082	24.39
180	L	CD2	0.359	22.737
188	V	CG1	0.407	21.75
188	V	CG2	0.743	23.7
189	V	CG1	0.734	21.345
189	V	CG2	0.541	18.759
193	V	CG1	0.703	19.42
193	V	CG2	0.205	19.366
194	V	CG1	0.86	20.417
194	V	CG2	0.773	20.321
198	L	CD1	0.663	22.639
198	L	CD2	0.813	26.102
200	I	CD1	0.746	16.119
202	L	CD1	0.768	24.801
202	L	CD2	0.501	22.68
210	L	CD1	1.09	28.067
210	L	CD2	0.904	22.536
217	V	CG1	0.8	21.989
217	V	CG2	0.88	21.929
229	I	CD1	0.562	10.616
230	L	CD1	0.68	21.754
230	L	CD2	-0.499	24.072
231	L	CD1	0.876	25.413
231	L	CD2	1.069	24.834
236	L	CD1	0.804	25.156
236	L	CD2	0.699	22.5
238	I	CD1	0.503	13.747
240	L	CD1	0.632	24.913
240	L	CD2	0.715	24.407
242	I	CD1	0.664	12.365
248	I	CD1	0.756	12.276
256	I	CD1	0.901	11.691
259	V	CG1	0.651	19.992
259	V	CG2	0.648	21.191
260	I	CD1	0.651	11.138
261	V	CG1	0.898	22.279
261	V	CG2	0.924	21.02
265	I	CD1	0.378	9.49
268	I	CD1	0.655	13.602
269	L	CD1	0.876	26.885
269	L	CD2	0.655	22.419
275	V	CG1	0.833	23.138
275	V	CG2	0.785	21.43
278	V	CG1	0.423	21.032
278	V	CG2	0.642	18.142
284	I	CD1	0.745	13.198
285	L	CD1	0.945	24.614
285	L	CD2	0.895	23.633
286	L	CD1	0.881	25.696
286	L	CD2	0.768	26.157
291	L	CD1	0.601	25.289
291	L	CD2	0.771	26.26
293	L	CD1	0.93	25.478
293	L	CD2	0.778	24.044
298	L	CD1	1.052	23.575
298	L	CD2	0.821	25.239
309	I	CD1	0.791	13.228
310	V	CG1	0.753	21.15
310	V	CG2	0.854	20.859
313	L	CD1	0.938	25.13
313	L	CD2	0.807	24.015
327	I	CD1	0.572	13.073
329	L	CD1	0.204	25.272
329	L	CD2	0.625	22.249
334	L	CD1	0.835	21.446
334	L	CD2	0.78	27.669
335	L	CD1	0.818	25.213
335	L	CD2	0.633	22.086
337	I	CD1	0.875	14.606
340	V	CG1	1.022	20.603
340	V	CG2	0.865	18.883
343	L	CD1	0.988	22.988
343	L	CD2	0.745	25.785
346	I	CD1	0.598	13.843
348	V	CG1	0.163	20.967
348	V	CG2	0.402	21.448
349	I	CD1	0.778	14.919
361	I	CD1	0.999	12.815
362	L	CD1	1.105	24.066
362	L	CD2	0.769	27.381
365	V	CG1	-0.085	20.364
365	V	CG2	0.566	21.867
370	I	CD1	0.871	13.82
372	L	CD1	0.863	23.064
372	L	CD2	1.033	25.825
375	L	CD1	0.885	25.628
375	L	CD2	0.721	22.069
377	V	CG1	1.076	21.349
377	V	CG2	1.215	20.579
386	V	CG1	0.67	19.406
386	V	CG2	0.726	21.071
388	I	CD1	0.29	12.747
389	V	CG1	0.72	22.383
389	V	CG2	0.437	20.605
399	V	CG1	0.912	21.973
399	V	CG2	0.989	20.715
409	I	CD1	0.548	13.073
413	L	CD1	0.718	26.081
413	L	CD2	0.807	22.095
420	L	CD1	0.469	24.802
420	L	CD2	0.373	22.504
424	I	CD1	0.745	14.922
433	L	CD1	0.971	27.191
433	L	CD2	0.888	25.452
435	L	CD1	1.194	27.524
435	L	CD2	0.801	21.476
439	I	CD1	0.79	13.782
446	V	CG1	0.98	21.292
446	V	CG2	1.134	22.836
449	I	CD1	0.642	14.145
454	L	CD1	0.387	24.883
454	L	CD2	0.452	21.609
464	V	CG1	0.474	20.503
464	V	CG2	0.67	17.943
471	L	CD1	0.916	25.988
471	L	CD2	1.075	22.194
482	I	CD1	0.648	14.308
490	V	CG1	0.904	19.622
490	V	CG2	0.854	20.949
491	L	CD1	0.561	25.082
491	L	CD2	0.282	20.686
494	L	CD1	0.627	25.945
494	L	CD2	0.67	22.337
498	L	CD1	0.761	25.082
498	L	CD2	0.619	23.324
504	I	CD1	0.722	13.295
514	L	CD1	1.066	25.98
514	L	CD2	0.937	22.371
526	L	CD1	0.115	23.498
526	L	CD2	0.1	22.406
535	V	CG1	1.134	24.923
535	V	CG2	0.916	17.974
543	L	CD1	0.572	25.18
543	L	CD2	0.25	21.491
546	L	CD1	0.781	25.237
546	L	CD2	0.261	20.492
553	V	CG1	1.087	22.981
553	V	CG2	1.115	20.128
556	V	CG1	0.894	21.888
556	V	CG2	0.865	20.935
560	I	CD1	0.603	13.815
572	L	CD1	0.721	26.49
572	L	CD2	1.055	23.384
573	L	CD1	0.989	24.348
573	L	CD2	0.95	25.639
576	L	CD1	0.826	24.877
576	L	CD2	1.214	24.663
577	L	CD1	0.781	26.739
577	L	CD2	0.738	22.528
579	I	CD1	0.757	14.656
581	V	CG1	0.53	20.609
581	V	CG2	0.527	20.334
592	I	CD1	0.825	13.646
596	L	CD1	1.05	26.922
596	L	CD2	1.053	24.904
600	V	CG1	0.752	22.462
600	V	CG2	0.974	25.068
603	I	CD1	0.502	14.352
604	L	CD1	0.912	27.761
604	L	CD2	0.754	23.071
607	V	CG1	1.033	23.104
607	V	CG2	1.12	26.709
608	V	CG1	1.329	20.748
608	V	CG2	1.155	21.975
611	V	CG1	0.864	21.774
611	V	CG2	1.349	25.146
615	I	CD1	0.772	12.58
620	V	CG1	0.945	22.917
623	I	CD1	0.784	14.613
626	V	CG1	0.805	20.784
626	V	CG2	0.882	21.6
628	L	CD1	0.894	25.544
628	L	CD2	0.678	23.46
635	L	CD1	0.867	27.517
635	L	CD2	1.02	25.306
642	I	CD1	0.647	15.941
646	L	CD1	0.863	23.659
646	L	CD2	0.829	25.235
650	I	CD1	0.581	8.057
651	L	CD1	1.193	28.466
651	L	CD2	1.057	25.318
656	V	CG1	0.763	22.427
656	V	CG2	1.119	24.262
660	L	CD1	0.717	25.9
660	L	CD2	0.479	23.362
666	V	CG1	0.899	19.705
666	V	CG2	1.127	21.958
667	V	CG1	1.058	22.628
667	V	CG2	1.131	23.404
696	L	CD1	0.738	26.693
696	L	CD2	0.903	24.144
697	I	CD1	0.574	14.757
699	L	CD1	0.907	25.034
699	L	CD2	0.881	22.156
701	V	CG1	1.046	21.452
701	V	CG2	1.035	19.731
711	L	CD1	0.806	25.811
711	L	CD2	1.022	22.836
712	L	CD1	0.182	24.727
712	L	CD2	0.057	22.944
717	L	CD1	0.98	25.176
717	L	CD2	0.956	23.695
724	L	CD1	0.938	24.788
724	L	CD2	0.875	22.968
